#{"t_start": 1563633476.40666, "env_id": "CarRacing-v1"}
r,l,t
2864.793333,1000,32.080143
4531.46,1000,41.377597
4642.606667,1000,50.417398
2410.193333,423,54.084646
2226.94,145,55.324336
3161.973333,182,57.170397
1034.704444,277,59.539064
3147.073333,137,60.843178
3370.973333,211,62.862704
3262.571111,116,63.910903
2710.004444,310,66.494994
3390.46,194,68.449803
3147.14,136,69.620672
2948.773333,140,70.817439
3226.411111,115,71.878636
2773.193333,108,72.466085
2795.626667,106,73.528598
2971.926667,132,74.780271
3303.693333,114,75.88432
2669.804444,144,77.124007
3379.666667,97,78.096434
-1304.933333,113,79.150622
2761.426667,84,80.056168
3565.326667,89,80.541904
3166.426667,101,81.528273
3393.771111,112,82.614357
-1306.566667,101,83.623916
3233.684444,103,84.630225
-1504.766667,112,85.259545
3568.593333,100,86.245908
2569.64,102,87.264219
2961.017778,99,88.243566
3140.473333,100,89.218958
3475.137778,86,89.691695
3540.973333,100,90.681078
2858.76,102,91.733239
3338.24,86,92.209991
-1709.633333,92,93.155477
2441.006667,90,94.065039
3352.14,85,94.958615
2576.733333,90,95.4653
3012.017778,107,96.551357
3166.893333,108,97.571631
3412.837778,84,98.471259
3140.306667,101,99.074614
3166.826667,137,100.282419
-1506.0,102,101.319613
3139.44,101,102.338886
3341.306667,103,103.356193
3138.64,101,104.42431
2940.793333,87,104.935943
3007.46,143,106.221534
3171.126667,114,107.277682
2449.484444,101,108.295961
3542.006667,112,109.350142
3141.673333,123,110.499076
3579.393333,141,111.706877
2289.711111,143,112.94952
3548.04,130,114.151334
3166.526667,101,115.163601
2624.14,389,118.676244
2669.4,109,119.722414
2019.64,394,123.20813
1698.417778,327,125.874004
-1304.366667,114,126.921205
2933.96,744,133.655234
2297.604444,187,135.591204
2563.993333,111,136.659322
-1707.966667,105,137.22481
3495.551111,100,138.245082
3201.126667,107,139.516684
3343.773333,106,140.705506
3539.64,91,141.822518
3352.306667,142,143.048282
3404.251111,124,144.177223
-1307.3,114,144.876355
3339.673333,98,145.941537
3082.177778,109,146.95779
2795.293333,199,148.906615
2943.873333,123,150.029617
2548.906667,126,151.162569
3415.537778,100,151.71112
2869.484444,173,153.647906
3059.26,913,162.263915
-1453.066667,374,165.765511
3080.06,154,167.059128
2379.773333,150,168.334717
2899.306667,122,169.476592
-2104.666667,127,170.656439
3207.277778,105,171.854236
2995.166667,115,173.017129
3478.244444,137,174.304718
3070.304444,228,176.672353
3572.493333,123,177.811311
3221.171111,137,179.039027
2605.284444,203,180.64673
2940.406667,114,181.776711
3544.906667,120,182.932618
2760.604444,137,184.178289
3342.173333,113,185.318242
2426.306667,140,186.606798
3139.84,102,187.668957
2714.284444,155,189.070223
3582.76,158,190.705875
-1111.733333,100,192.00736
3381.666667,122,193.3388
3368.884444,165,194.973431
2553.56,112,196.1573
2769.293333,127,197.352098
2604.673333,335,200.585462
2957.906667,174,201.987678
3554.806667,190,203.914528
-1508.233333,123,205.110368
3577.106667,293,207.766265
3548.606667,142,208.992951
3542.806667,113,210.10701
3342.077778,135,211.298822
2661.806667,708,217.862241
-1848.8,375,221.413747
3498.906667,1000,230.350855
3885.26,1000,239.501419
3485.971111,416,243.142826
3345.34,145,244.842318
2598.117778,309,247.410451
3433.011111,195,248.934378
3398.473333,482,253.667688
3535.76,1000,264.716385
-1018.033333,675,270.874922
2952.526667,147,272.147554
3583.826667,180,274.012533
3559.173333,214,276.141841
2713.884444,1000,284.913419
4659.66,1000,294.057945
4209.5,1000,303.177604
2604.64,550,308.000691
1628.893333,515,312.593431
427.066667,1000,321.910597
3622.46,617,327.682779
3547.973333,182,329.131917
2955.173333,228,331.242264
3350.573333,184,333.110236
3578.66,172,334.504546
3144.273333,151,335.757159
3084.726667,335,338.879811
3079.577778,157,340.16142
3146.673333,161,341.489833
2646.484444,361,344.859842
3047.984444,96,345.816285
3573.26,153,347.134759
-1294.566667,189,348.73149
3546.673333,132,349.963198
3143.24,118,351.181947
2924.093333,129,352.408662
3217.873333,387,355.896337
-3339.966667,812,363.57082
3573.693333,129,364.718751
2990.271111,111,365.758971
-1298.933333,140,366.969769
2124.593333,142,368.192501
3541.273333,102,369.199773
3143.973333,111,370.293848
3555.206667,164,371.643242
3551.573333,147,372.885921
3544.906667,119,373.992959
3592.26,188,375.446102
2397.8,124,376.545137
2314.206667,217,378.775209
3142.473333,111,379.979955
2597.793333,217,382.080339
2819.44,401,385.570024
3160.471111,201,387.14681
1411.584444,122,388.239923
3567.026667,104,389.27113
3565.273333,185,390.702305
3339.273333,103,391.696647
3310.826667,139,392.89747
3169.126667,117,393.956604
3548.84,137,395.161383
3138.373333,93,396.089901
3545.073333,124,397.189989
3492.473333,123,398.301171
2962.273333,182,399.750325
2674.96,182,401.619337
3329.126667,110,402.685487
3388.833333,151,403.999937
2546.906667,756,411.024158
3554.371111,1000,419.985555
4383.46,1000,428.710672
2416.173333,600,434.117218
3407.217778,157,435.43572
3491.406667,135,436.632428
3147.573333,158,438.520397
2567.873333,213,440.322565
3116.193333,213,442.356127
3153.206667,179,443.813232
3007.684444,212,445.859835
2842.64,236,447.998235
3393.14,398,451.444072
3175.306667,452,455.161273
3560.306667,221,457.171794
3116.977778,276,459.493587
2699.066667,578,464.867187
4552.393333,1000,474.060834
4322.226667,1000,482.919472
3012.371111,177,484.338679
2643.66,488,488.650139
3132.033333,150,489.876905
3071.626667,115,490.928713
3540.373333,102,491.906128
3300.426667,96,492.419133
3111.266667,103,493.380013
3549.006667,134,494.530096
2944.04,119,495.573573
3024.006667,103,496.559862
3547.773333,127,497.852407
3025.273333,103,498.8657
2470.911111,115,499.941823
2798.984444,115,500.979809
2050.917778,103,501.52948
2773.973333,132,502.646618
-1308.866667,118,503.703444
3544.74,135,504.835392
3213.126667,285,507.651922
2990.084444,115,508.258336
3382.96,195,510.128337
3542.706667,116,511.181525
3351.24,166,512.483568
3399.184444,111,513.526942
3242.217778,149,514.750671
3090.806667,141,515.921542
3215.54,471,520.126366
-3013.233333,619,525.694998
3594.873333,475,530.155295
-1601.766667,955,538.205841
3544.173333,178,539.561224
3557.973333,189,541.415233
3568.293333,108,542.425537
3119.133333,91,542.912901
3138.24,91,543.827449
3343.873333,112,544.871658
2735.606667,95,545.80413
3344.973333,115,546.841432
1925.017778,93,547.327133
3549.406667,142,548.508272
3548.473333,123,549.572495
3543.873333,111,550.609653
2918.926667,99,551.556295
3142.906667,117,552.60455
3184.966667,122,553.6847
3588.193333,214,555.660455
2996.4,255,558.045006
2931.526667,126,559.163052
3460.417778,163,560.459587
2743.24,128,561.547642
3362.173333,275,563.837521
2733.066667,173,565.166999
2818.706667,433,569.273705
2210.24,380,572.655571
3153.84,179,574.054823
3575.26,148,575.278558
3054.06,192,577.177612
-1707.433333,129,578.286733
3705.006667,1000,587.03898
3371.04,296,589.594181
-1288.433333,221,591.587858
3321.206667,1000,599.784769
1872.773333,422,603.680914
4268.94,1000,612.285611
1842.751111,356,615.005544
2033.773333,520,619.709923
3038.706667,518,624.199583
3525.433333,172,625.945115
2245.44,562,630.616763
1570.84,1000,639.363163
3649.373333,831,646.323802
3089.56,777,653.730159
2692.804444,222,655.349793
3550.006667,146,656.552717
-2268.933333,267,659.354219
2990.551111,105,659.964614
3544.973333,119,661.024789
3188.073333,267,663.340595
3530.337778,132,664.473541
2979.493333,167,666.285756
3548.373333,137,667.446592
2858.106667,583,672.353625
2119.473333,273,674.688383
3053.817778,116,675.762545
3368.893333,122,676.86958
3368.34,209,678.994907
939.066667,486,683.273185
3140.94,104,684.242137
3378.6,95,684.731798
3576.406667,232,686.806325
3539.14,91,687.718879
2767.373333,216,689.280633
2891.5,266,691.945435
3548.106667,126,693.032604
3194.326667,186,694.424807
3556.273333,154,695.666525
3546.04,113,696.67676
3549.906667,137,697.811725
2761.406667,189,699.668749
3551.306667,137,700.804849
3540.34,98,701.327449
2003.077778,657,707.492988
2810.984444,175,709.062819
3147.806667,141,710.231695
3369.206667,213,712.183043
3542.706667,111,713.183401
3540.873333,102,713.710998
3375.326667,144,715.320082
3567.426667,105,715.873602
2875.217778,198,717.766589
3545.973333,129,718.860662
3140.54,110,719.872045
3539.94,100,720.829279
3155.373333,159,722.082959
3382.817778,187,723.500173
2973.573333,231,725.573594
3083.084444,346,728.660341
2897.073333,327,731.244433
3242.806667,560,736.348911
3075.693333,179,737.883775
3239.626667,377,741.193933
2816.684444,331,744.207576
1563.493333,1000,752.400188
3222.906667,567,757.54426
1658.173333,712,763.537246
4301.64,1000,772.599434
2998.773333,354,775.773961
2322.484444,284,778.106431
3176.74,610,783.439946
3898.673333,1000,792.152097
2948.873333,191,793.575028
1944.137778,722,800.129697
3166.706667,226,802.172274
-1301.766667,166,803.469408
2438.44,562,808.137395
2761.604444,267,810.404358
3371.526667,324,813.358882
3149.34,169,814.658298
2492.266667,631,820.086884
1871.34,397,823.45053
1033.184444,989,832.189718
3477.873333,1000,840.773828
3839.44,1000,849.373243
3141.806667,124,850.456389
3340.806667,103,850.995945
3544.506667,115,852.017174
3543.206667,107,853.008491
3074.406667,100,853.950048
2729.993333,107,854.930353
3414.971111,96,855.869921
3144.173333,119,856.928798
3345.706667,123,857.710737
2993.333333,98,858.659252
3537.773333,85,859.525034
3139.373333,108,860.533302
3277.504444,101,861.543853
3170.36,94,862.034506
3137.64,97,862.975976
3546.606667,119,864.025241
2971.76,126,865.11241
3540.24,105,866.115654
3374.793333,135,867.258636
3332.684444,113,868.27623
3317.251111,124,869.348406
3136.873333,94,869.859081
3224.64,112,870.901348
3142.64,121,872.002368
3542.94,114,873.055731
3541.473333,99,874.01816
2944.04,132,875.145106
2643.406667,100,876.123487
3552.273333,162,877.398124
3110.851111,110,878.428329
3539.673333,96,879.371896
3549.806667,144,880.56078
2428.94,177,881.933074
3427.593333,365,885.239197
3080.006667,751,892.053185
3592.04,306,894.576435
2873.544444,115,895.62066
3139.306667,100,896.605026
3136.473333,86,897.507659
3049.366667,98,898.015291
2917.293333,94,898.94114
3142.14,104,899.923514
3541.773333,101,900.885018
2937.573333,92,901.379754
2938.14,98,902.318203
3537.673333,85,903.195819
3485.373333,93,904.135433
2891.684444,90,904.605104
3138.706667,92,905.505731
2894.74,103,906.476103
2929.193333,109,907.476501
3538.006667,88,907.947247
2869.026667,96,908.888687
3137.073333,95,909.805237
3145.273333,95,910.740736
3538.44,88,911.196725
2737.506667,95,912.182091
3192.251111,115,913.197487
3544.506667,119,914.237828
3497.773333,150,915.44471
3172.511111,125,916.530951
2750.44,157,917.929219
3545.54,133,919.034225
2874.211111,123,920.143151
2702.3,368,923.359672
3068.693333,99,924.310892
2474.64,629,929.777584
2878.733333,199,931.234648
-1700.433333,148,932.439442
2268.993333,473,936.588171
2955.793333,224,938.627677
2897.54,712,944.508848
3390.773333,259,946.718484
2718.017778,333,949.896775
3273.417778,200,951.793412
3073.944444,119,952.838654
3541.806667,99,953.348324
2734.551111,256,955.571642
3078.96,148,956.782991
3372.36,154,958.431677
2154.404444,348,961.185313
2389.117778,132,962.356434
3141.74,115,963.389617
3340.073333,95,964.314725
3341.14,95,965.254213
2918.56,101,966.233591
3160.94,240,967.967986
3104.884444,109,968.976224
2922.366667,116,970.038384
3192.517778,111,971.076609
2990.14,306,973.563759
3389.726667,197,975.430836
3461.151111,138,976.591873
3430.673333,199,978.659284
3546.873333,114,979.702461
3136.206667,89,980.163229
1853.573333,561,985.27305
3180.84,242,987.369498
3509.673333,179,988.71607
3572.76,117,989.768336
3542.94,128,990.851593
3543.973333,115,991.872862
2948.126667,190,993.296012
-1264.466667,281,995.59051
3540.406667,108,996.571137
3147.173333,144,997.741998
3545.14,128,998.867731
3142.273333,120,999.926999
3545.673333,124,1001.024138
3213.337778,95,1001.948801
3154.64,177,1003.311889
3542.173333,110,1004.312722
3561.273333,189,1006.182034
3356.173333,195,1007.808627
3543.673333,119,1008.896792
2809.306667,469,1013.047826
3513.117778,1000,1021.659285
-4733.566667,1000,1029.949931
-802.5,1000,1038.904813
3483.993333,1000,1047.766767
3152.173333,421,1051.385915
4427.94,1000,1060.243723
4624.073333,1000,1069.17317
4617.673333,1000,1077.85406
4301.54,1000,1086.658337
4622.406667,1000,1094.922107
2915.54,1000,1103.77448
3366.206667,180,1105.591774
166.106667,1000,1114.249332
3553.14,1000,1122.463408
2327.951111,433,1126.477917
2977.693333,157,1127.88413
3163.926667,89,1128.826632
2562.617778,118,1129.928726
3338.24,92,1130.399395
3294.611111,103,1131.374826
3539.806667,91,1132.282361
3168.56,84,1132.726177
3540.14,91,1133.62592
2494.284444,118,1134.676151
3539.94,92,1135.599605
2653.184444,122,1136.666864
3537.14,82,1137.105699
2843.84,92,1138.022269
-1511.333333,92,1138.939841
3139.806667,106,1139.960073
3539.506667,89,1140.434966
3501.937778,87,1141.309256
3120.1,92,1142.208843
3141.706667,101,1143.195221
3522.404444,96,1143.690904
3398.251111,93,1144.616454
3166.96,96,1145.565916
3541.006667,101,1146.516337
3537.973333,87,1146.974077
3273.54,90,1147.875817
3416.637778,97,1148.816374
3087.506667,97,1149.342967
3539.206667,90,1150.264503
3565.06,85,1151.135176
3540.706667,94,1152.05161
3540.773333,95,1152.558279
3544.473333,108,1153.574605
3540.54,94,1154.488097
3569.126667,103,1155.456508
3550.673333,139,1156.596573
-2110.666667,101,1157.658733
3540.006667,97,1158.221229
2985.784444,85,1159.107901
3540.04,95,1160.955442
3363.806667,230,1163.075242
2718.426667,100,1163.620745
3537.006667,82,1164.49441
3329.46,114,1165.521825
2938.173333,95,1166.482311
1611.94,99,1166.989928
3147.906667,132,1168.110937
3342.106667,103,1169.110231
3422.904444,121,1170.222259
3539.606667,96,1171.149853
3349.026667,1000,1179.817476
2987.704444,106,1180.805673
3135.44,83,1181.233762
3155.14,184,1183.045643
3399.884444,102,1183.598092
3141.34,111,1184.59945
-1111.633333,86,1185.477312
3140.506667,95,1186.398846
3564.193333,83,1186.8318
3539.04,88,1187.888944
3537.14,82,1188.764658
3565.693333,91,1189.250337
3540.74,103,1190.22572
-1106.5,102,1191.197635
3541.073333,103,1192.160028
3535.94,76,1192.553976
2769.726667,93,1193.461514
3538.173333,86,1194.333799
2938.806667,100,1195.279214
3139.806667,104,1195.823872
2993.066667,91,1196.715527
3551.24,141,1197.880832
3142.84,117,1198.934759
3137.906667,96,1199.856267
3543.006667,101,1200.810792
3140.406667,97,1201.306992
3336.54,80,1202.1587
-1515.866667,83,1203.016526
3451.951111,101,1203.536703
2988.633333,74,1204.337536
3110.037778,90,1205.231346
2771.706667,101,1206.202151
3916.306667,1000,1214.341336
2822.906667,101,1215.289802
2841.64,87,1216.174433
3566.126667,90,1216.64317
3378.7,88,1217.674391
3542.64,103,1218.66079
3187.051111,87,1219.538488
3540.94,110,1220.545798
3538.54,87,1221.034492
2649.551111,94,1221.946092
3137.406667,91,1222.906839
-1711.3,107,1223.46235
3163.84,201,1225.435047
3542.24,110,1226.440405
3225.906667,453,1230.05881
3256.671111,96,1230.985292
2848.473333,561,1236.106623
3141.106667,111,1236.681058
2605.051111,360,1239.814689
3546.44,128,1240.914339
3538.573333,90,1241.817922
3116.066667,109,1242.823201
3365.24,190,1244.25092
2616.04,389,1247.750501
3420.94,551,1252.818
3338.24,92,1253.292769
3143.04,122,1254.348872
3291.677778,91,1255.243516
2945.006667,98,1256.180162
3541.373333,109,1257.176562
3492.817778,85,1257.611396
3135.64,83,1258.457104
3544.673333,127,1259.553248
3564.626667,86,1260.443868
2885.306667,101,1260.971425
-1306.066667,101,1261.919889
3398.117778,97,1262.843386
3544.173333,129,1263.940453
3538.006667,88,1264.846107
3540.773333,101,1265.367673
3542.64,103,1266.36309
2937.84,98,1267.31255
3300.993333,97,1268.255066
3537.673333,83,1268.699841
3153.173333,195,1270.631227
2792.833333,114,1271.674511
-1110.066667,93,1272.589989
3540.54,104,1273.134561
3538.54,91,1274.026186
2964.66,86,1274.895899
2955.873333,135,1276.033818
3488.64,110,1277.09395
3546.006667,148,1278.429413
3379.233333,91,1279.329008
3495.851111,100,1279.846402
3552.44,173,1281.638531
2560.606667,216,1283.197524
3570.36,105,1284.176831
3540.673333,100,1285.139335
3535.673333,75,1285.959067
-1308.133333,107,1286.542568
3218.873333,75,1287.400213
3307.451111,82,1288.25596
3131.46,128,1289.355022
3493.184444,85,1289.812764
3861.14,1000,1298.433442
3337.14,89,1299.327097
2839.906667,79,1299.735704
3539.406667,89,1300.618343
3339.94,98,1301.549927
3569.593333,107,1302.533302
3452.251111,113,1303.543091
-1281.633333,510,1308.059579
2987.84,662,1313.700534
3459.26,95,1314.204153
3362.451111,101,1315.163189
2568.806667,299,1318.036544
3435.86,138,1319.191229
2443.073333,554,1323.780466
3565.193333,96,1324.712964
2983.04,403,1328.094445
2912.144444,103,1329.054913
4447.84,1000,1337.88027
2333.226667,551,1342.459833
3538.04,87,1343.454896
2987.951111,95,1343.95832
3542.206667,106,1344.936637
3059.56,101,1345.879044
3563.36,79,1346.311909
2398.206667,322,1349.258077
3138.473333,106,1350.24045
3552.273333,142,1351.429346
2378.393333,297,1353.872353
3017.006667,92,1354.790897
3163.326667,87,1355.690854
2598.751111,110,1356.696253
3140.96,217,1358.297861
2828.84,116,1359.333091
3349.54,130,1360.446117
3459.26,97,1361.385127
3538.94,115,1362.412457
3251.284444,100,1363.390842
2760.717778,96,1363.897523
2747.84,105,1364.910676
3566.293333,96,1365.853127
2959.706667,118,1366.920274
3477.311111,131,1368.190878
-1467.633333,260,1370.452924
2937.973333,98,1371.388423
3069.226667,100,1371.907164
1304.906667,1000,1380.523718
2030.673333,1000,1389.183115
4409.051111,1000,1398.028934
3073.4,713,1403.857601
3234.684444,124,1404.934613
3196.484444,150,1406.565245
3565.973333,284,1408.877169
4271.073333,1000,1417.440587
3037.484444,114,1418.033045
3536.006667,78,1418.873755
3541.84,109,1419.859115
-1100.033333,131,1420.960178
2944.873333,110,1421.957552
3341.006667,107,1422.9524
3041.684444,102,1423.477956
-1295.366667,172,1425.218303
3014.204444,96,1426.137844
3138.073333,99,1426.642461
3066.544444,90,1427.655753
3367.217778,124,1428.769814
3542.906667,106,1429.756173
3008.584444,87,1430.649823
3048.766667,96,1431.145553
3187.251111,90,1432.035139
3540.073333,97,1432.963688
2392.6,100,1433.479278
3139.373333,105,1434.46069
3147.173333,110,1435.460041
3369.993333,121,1436.527433
3538.573333,90,1437.438831
3183.166667,113,1438.458118
3111.571111,101,1438.989706
3258.037778,101,1439.935152
-1304.666667,110,1440.944488
3137.406667,97,1441.900896
2749.373333,139,1443.049824
3436.293333,112,1444.066181
3537.84,86,1444.95178
3181.693333,142,1446.121893
3137.473333,91,1446.591598
3140.04,95,1447.504196
2312.371111,118,1448.548365
3298.451111,116,1449.59058
2965.877778,118,1450.667693
3092.877778,106,1451.674042
3544.34,121,1452.753157
2813.937778,93,1453.242879
3545.24,122,1454.339917
2782.566667,120,1455.448978
3237.251111,122,1456.541066
2774.406667,145,1457.891447
4517.304444,1000,1466.667366
2935.851111,113,1467.682707
2955.773333,190,1469.549643
3338.106667,89,1470.037338
2788.451111,127,1471.172378
2479.426667,198,1473.087328
3547.14,142,1474.279181
3540.606667,106,1475.266285
2768.973333,101,1475.787891
2737.806667,118,1476.820132
2878.473333,1000,1485.497031
3835.406667,1000,1494.368471
4627.94,1000,1502.957083
-3161.393333,1000,1511.652937
4657.073333,1000,1520.036764
4561.793333,1000,1528.610917
3536.806667,78,1529.435748
3166.093333,97,1530.392145
4156.773333,1000,1538.614208
3168.893333,82,1539.458948
3548.106667,126,1540.541662
3657.44,1000,1549.300602
4596.36,1000,1557.978401
2724.0,113,1558.988779
2410.293333,268,1561.239987
3539.473333,94,1561.732157
3206.873333,92,1562.656726
3137.773333,100,1563.604191
3542.073333,106,1564.588604
3001.451111,259,1566.809786
3537.94,85,1567.251572
3143.073333,108,1568.262908
2137.54,105,1569.236232
3508.771111,108,1570.240177
1300.24,783,1576.934934
3540.006667,92,1577.957201
3447.717778,79,1578.376182
3142.704444,82,1579.227494
3536.873333,87,1580.101258
3352.14,219,1581.671204
3541.04,102,1582.637621
2931.46,139,1583.791508
3205.273333,378,1587.058351
-1311.133333,83,1587.939012
3614.606667,791,1594.582141
3537.706667,83,1595.442841
3111.24,166,1596.735386
-435.833333,1000,1605.370932
3364.393333,84,1605.847733
2942.217778,176,1607.755449
3542.406667,109,1608.778742
1640.204444,970,1616.838842
3518.466667,120,1617.879067
3546.34,111,1618.89035
-430.86,1000,1627.467921
-2847.066667,1000,1636.006251
3564.66,86,1636.46402
3143.873333,119,1637.628865
2995.877778,1000,1646.240578
3091.404444,125,1647.337615
3545.84,154,1648.579321
-1076.933333,307,1651.460744
3553.273333,167,1652.759369
-1507.4,123,1653.820602
3150.906667,143,1654.995462
3536.906667,81,1655.848067
3342.84,117,1656.890105
3545.14,129,1657.990935
2884.784444,99,1658.506522
3224.006667,102,1659.455103
3458.26,91,1660.353774
2914.26,79,1661.207419
3068.777778,106,1661.76296
-1709.766667,104,1662.720401
3070.893333,111,1663.718729
3538.806667,92,1664.623384
2945.94,176,1665.974805
3360.384444,87,1666.876364
4237.14,1000,1675.652195
3537.34,84,1676.091819
3338.973333,91,1676.983828
3539.706667,98,1677.920433
3136.773333,85,1678.377273
3538.973333,89,1679.25792
3538.84,87,1680.141519
3077.477778,105,1681.109965
1355.404444,102,1681.649489
3187.217778,85,1682.526169
3140.873333,106,1683.491609
3539.606667,96,1684.423155
3565.66,85,1684.857953
3140.473333,100,1685.830818
3024.506667,107,1686.82719
3393.504444,115,1687.860353
2999.984444,121,1688.912617
3483.44,82,1689.339307
3540.306667,112,1690.348573
2962.117778,114,1691.392789
3173.806667,1000,1700.155511
3574.14,372,1703.406788
2990.804444,120,1704.529799
3366.706667,274,1706.801871
3276.173333,94,1707.729403
3543.373333,108,1708.742732
2925.793333,107,1709.321293
3410.506667,120,1710.371461
3343.973333,137,1711.504425
3539.473333,100,1712.462826
3541.573333,102,1713.429272
2941.406667,135,1714.559299
2928.184444,350,1717.689888
-1651.766667,896,1725.379641
2943.673333,154,1726.593356
3035.56,129,1727.80209
3198.351111,129,1728.926085
3545.24,157,1730.184573
2600.471111,1000,1738.799371
-253.266667,1000,1747.444728
3498.051111,123,1748.536246
2822.273333,101,1749.484787
2238.106667,82,1749.911618
3487.406667,100,1750.860116
2813.651111,117,1751.898482
3549.773333,141,1753.042424
3142.706667,127,1754.163469
3538.94,95,1755.087949
2963.626667,89,1755.553715
3539.04,95,1756.48824
3341.506667,145,1757.828634
3336.806667,82,1758.702286
3539.74,106,1759.678648
2525.006667,120,1760.744833
-1910.366667,109,1761.742211
-1312.666667,107,1762.292606
3085.673333,106,1763.283921
3096.373333,105,1764.269321
2286.817778,126,1765.352393
2940.906667,145,1766.542295
3086.706667,110,1767.529608
3539.706667,101,1768.492091
2509.606667,1000,1777.052324
3133.584444,121,1778.111454
2616.873333,413,1781.512462
3004.033333,143,1782.66834
3559.606667,203,1784.576275
2601.14,370,1787.408669
3547.24,135,1788.673362
3198.717778,1000,1797.206312
1827.173333,677,1803.26431
2565.806667,238,1804.972783
3441.56,165,1806.691178
-2298.166667,193,1808.105391
3141.206667,123,1809.180517
3121.233333,146,1810.361461
3172.093333,159,1812.053148
4096.893333,1000,1820.3734
3313.5,97,1821.295092
3536.84,81,1822.135849
3540.54,99,1823.07035
2926.56,97,1823.567018
3138.006667,97,1824.497524
3167.56,103,1825.564229
3536.34,78,1826.395009
3537.14,81,1826.825784
3539.34,95,1827.781304
3169.66,115,1828.817467
3138.44,91,1829.309153
3140.573333,100,1830.256757
2016.306667,82,1831.11247
3542.473333,108,1832.163627
3540.24,98,1833.141196
3018.54,94,1833.654896
3324.36,80,1834.514563
3138.34,99,1835.463087
3274.304444,88,1835.918884
3139.173333,98,1836.860327
2936.217778,108,1837.841706
2883.284444,89,1838.733366
2368.773333,104,1839.298829
3141.006667,119,1840.334092
3325.16,87,1841.206724
3538.006667,84,1842.069457
2916.304444,122,1843.126634
3135.673333,85,1843.563532
3541.973333,125,1844.677523
3566.726667,103,1845.63304
3224.373333,110,1846.642342
3543.006667,112,1847.828102
-1700.833333,151,1849.088835
3152.44,163,1850.388357
3579.64,460,1854.469581
3546.04,146,1855.649541
2940.251111,138,1856.789483
-1102.966667,185,1858.601599
3150.637778,134,1859.747536
3296.011111,105,1860.313062
4456.273333,1000,1868.947148
3537.673333,81,1869.798871
3542.273333,111,1870.841085
3135.873333,81,1871.259327
3337.073333,84,1872.12006
3546.04,116,1873.141498
3205.673333,94,1874.058046
3567.026667,92,1874.565651
3536.64,79,1875.400458
3464.344444,75,1876.230307
3566.06,85,1876.668138
3137.206667,97,1877.70578
3190.106667,300,1880.184231
3536.54,80,1881.012015
2765.351111,126,1882.086143
3165.793333,90,1882.979716
3538.14,91,1883.446467
3193.351111,159,1885.132999
3491.651111,78,1885.536879
2357.493333,244,1887.639374
3537.54,88,1888.518977
3538.673333,94,1889.430212
3164.526667,86,1889.876037
3544.706667,119,1890.928262
3537.473333,85,1891.793975
3539.14,94,1892.726529
2136.651111,878,1899.797071
3101.526667,100,1900.741624
3397.384444,89,1901.621307
3265.811111,83,1902.490767
3138.373333,86,1902.932621
-1311.1,87,1903.816224
3140.906667,107,1904.807761
3280.74,76,1905.217708
3540.34,109,1906.21001
3153.94,93,1907.162433
2730.304444,242,1909.374525
3339.606667,96,1910.314052
3543.206667,149,1911.51688
-1299.1,184,1912.927109
3336.806667,80,1913.790834
3391.04,340,1916.428306
3564.926667,92,1917.351837
3139.04,102,1918.312272
-1510.0,98,1919.288664
3535.873333,77,1919.690627
3563.626667,80,1920.528344
3338.473333,87,1921.414943
3538.673333,90,1921.901641
3336.206667,77,1922.718639
3181.733333,99,1923.660107
3224.673333,101,1924.185067
3220.173333,85,1925.051752
3337.74,82,1925.922424
3536.84,84,1926.370791
1885.473333,864,1933.854055
3537.04,81,1934.706776
3169.66,84,1935.156575
3108.24,1000,1943.931247
-2580.833333,922,1952.200341
3339.34,105,1952.747891
3366.726667,96,1953.676404
3563.64,228,1955.731032
3724.706667,1000,1964.439876
3538.273333,91,1964.949502
3466.577778,90,1965.881975
1719.717778,269,1968.287617
3550.106667,157,1969.51832
2739.971111,107,1970.520644
3145.873333,137,1971.696466
3034.884444,112,1972.706782
3538.806667,91,1973.602484
3540.873333,113,1974.605797
3540.573333,101,1975.564233
3545.44,129,1976.683205
3539.94,98,1977.187988
3136.34,84,1978.070645
3009.484444,99,1979.008129
3146.24,149,1980.211916
3150.44,174,1981.579229
3538.74,96,1982.52573
3104.926667,123,1983.610836
3540.173333,110,1984.637056
3251.084444,107,1985.640445
2559.073333,274,1987.919358
3497.817778,129,1989.035323
3395.773333,641,1994.48676
3143.04,117,1995.518965
2838.106667,845,2002.625733
3235.384444,103,2003.577223
3546.206667,357,2006.720502
3538.873333,93,2007.626423
642.54,1000,2016.311791
4662.14,1000,2024.564782
957.704444,1000,2033.517911
3540.54,97,2034.456476
3024.111111,111,2035.470726
3044.94,818,2042.283746
3566.926667,96,2043.220175
3541.24,99,2044.162758
3346.606667,130,2045.269761
3136.373333,85,2045.715655
3212.104444,79,2046.559399
3447.884444,86,2047.443002
3537.506667,81,2047.883823
2513.593333,83,2048.747516
3378.5,89,2049.641126
3538.606667,93,2050.119846
3537.573333,85,2050.980518
2816.517778,116,2052.02577
3117.517778,94,2052.942323
3543.106667,118,2054.007341
3541.14,114,2054.596732
3136.906667,87,2055.503413
2978.033333,95,2056.425596
3120.833333,166,2057.881627
3540.506667,103,2058.83408
2843.773333,100,2059.774682
3130.56,100,2060.769058
3564.36,85,2061.204995
2915.904444,473,2065.464077
2457.54,1000,2074.21319
3577.077778,1000,2082.785584
4657.94,1000,2091.225094
-2722.393333,1000,2099.854863
4624.073333,1000,2108.503857
4564.677778,1000,2117.118023
4017.926667,1000,2125.96804
1436.906667,841,2132.89883
3191.14,548,2137.434777
2796.206667,331,2140.464459
3141.173333,114,2141.476761
3555.54,163,2142.759165
3544.673333,134,2143.907055
3166.34,188,2145.758106
3374.393333,127,2146.845813
4284.306667,1000,2155.627429
2729.46,168,2156.941751
3592.326667,284,2159.318188
4634.206667,1000,2168.065458
3063.617778,170,2169.40192
2729.66,162,2170.686451
3375.793333,141,2172.262312
3564.64,195,2173.68743
2563.373333,212,2175.658226
3169.593333,108,2176.670566
3136.84,90,2177.184119
3557.94,230,2179.302494
2778.173333,298,2181.705937
3164.006667,213,2183.693666
3388.406667,371,2186.947981
3329.226667,108,2187.933343
3541.706667,109,2188.925657
-1453.366667,336,2191.519855
3167.993333,110,2192.55507
2519.633333,110,2193.57885
3442.526667,452,2197.638828
3181.626667,151,2198.873495
3547.073333,127,2199.967383
3145.973333,143,2201.141259
3302.017778,124,2202.202413
3543.906667,113,2203.224382
3178.973333,282,2205.585995
3055.966667,140,2206.744898
3569.493333,118,2207.951669
3320.651111,112,2208.955287
4146.626667,1000,2217.60169
3138.44,187,2219.027842
1198.306667,628,2224.578032
3405.24,96,2225.512535
3071.36,496,2229.84807
2628.173333,576,2234.565233
4463.74,1000,2243.348719
-1377.593333,1000,2252.01264
-3064.006667,1000,2260.777537
2500.006667,1000,2269.628979
3505.106667,1000,2278.256468
4097.806667,1000,2286.85574
4041.193333,1000,2295.471716
4710.326667,1000,2304.258417
1479.54,1000,2312.57711
3501.06,1000,2321.244106
3020.877778,85,2322.116736
3108.771111,85,2323.008388
-1556.793333,1000,2331.375023
4324.206667,1000,2339.994115
3430.26,85,2340.865672
3335.873333,85,2341.313615
-1112.6,78,2342.138445
4328.917778,1000,2350.722663
-5732.26,1000,2359.471051
4405.06,1000,2368.150035
2966.904444,85,2368.60781
3562.76,78,2369.439514
-1092.833333,1000,2378.144512
3562.76,78,2378.563432
-5555.593333,1000,2387.32542
4122.806667,1000,2396.014329
4681.393333,1000,2404.741736
3538.273333,90,2405.208414
3337.74,88,2406.125996
4704.06,1000,2414.739664
3563.193333,81,2415.591393
3537.073333,85,2416.02627
4650.006667,1000,2424.739379
3537.14,86,2425.630797
4685.74,1000,2434.014213
4294.526667,1000,2442.696811
3349.64,78,2443.52208
4632.373333,1000,2452.37471
4641.273333,1000,2461.047257
2726.051111,85,2461.484049
3028.46,85,2462.347828
4332.14,1000,2471.01909
4457.606667,1000,2479.279937
3537.14,85,2480.136602
3142.873333,85,2481.00631
-766.46,1000,2489.64533
-6188.073333,1000,2497.908353
4242.873333,1000,2506.514122
4639.94,1000,2515.365427
4663.66,1000,2524.171329
3562.76,78,2524.597193
3072.537778,79,2525.451908
2959.96,78,2526.289667
3402.44,78,2526.691631
3536.373333,79,2527.524441
3537.14,85,2528.410073
3362.56,76,2528.810004
2898.704444,85,2529.672737
3537.14,85,2530.546433
-8813.9,1000,2538.844057
3377.3,85,2539.702721
3335.673333,85,2540.579545
3340.671111,76,2540.978541
4437.993333,1000,2549.634687
2934.006667,85,2550.499535
3135.673333,85,2550.949474
3537.14,85,2551.809182
4661.806667,1000,2560.470628
4641.006667,1000,2569.418889
4638.273333,1000,2577.785682
4341.651111,1000,2586.489027
-280.933333,1000,2595.074598
4154.117778,1000,2603.805403
4670.726667,1000,2612.576006
4407.677778,1000,2621.252123
4648.206667,1000,2629.704597
-747.326667,1000,2638.45365
4617.571111,1000,2647.107395
1712.14,1000,2655.804758
-205.682222,1000,2664.790855
3862.193333,1000,2673.317232
1466.206667,1000,2682.119055
3889.206667,1000,2691.049658
-280.606667,1000,2699.814084
-946.126667,1000,2708.538734
2492.026667,78,2708.941662
3961.273333,1000,2717.751707
4695.193333,1000,2726.543654
-6395.9,1000,2735.223525
-748.06,1000,2743.965191
-4213.366667,1000,2752.390901
4674.073333,1000,2761.167477
-2732.526667,1000,2769.882931
-1129.393333,1000,2778.692886
-1542.562222,1000,2787.387012
3307.366667,1000,2795.71461
4478.073333,1000,2804.418827
4079.593333,1000,2813.304757
4693.326667,1000,2821.937938
669.793333,1000,2830.650706
4652.006667,1000,2839.075654
4374.504444,1000,2847.800447
2758.584444,85,2848.703995
3536.773333,84,2849.581692
-3319.326667,1000,2857.852005
59.273333,1000,2866.611926
-162.1,1000,2875.433249
4694.273333,1000,2884.238552
2679.193333,1000,2892.937527
4688.46,1000,2901.364113
3644.971111,1000,2910.026219
4652.571111,1000,2918.656323
3985.504444,1000,2927.486056
4564.973333,1000,2936.370402
4671.393333,1000,2945.043226
-2952.148889,1000,2953.372043
3489.726667,1000,2962.327054
-4320.873333,1000,2970.988387
3536.373333,79,2971.837829
4658.406667,1000,2980.015564
3565.517778,1000,2988.791223
4681.326667,1000,2997.448946
2934.273333,85,2998.404408
3537.14,85,2998.839233
3336.74,85,2999.71587
-1112.6,78,3000.592494
3085.46,1000,3008.756105
3447.217778,79,3009.593865
3361.226667,78,3010.438647
-1865.095556,1000,3018.774362
3536.373333,79,3019.61604
4248.606667,1000,3028.265457
3455.36,76,3029.096875
3384.804444,78,3029.494877
-5132.806667,1000,3038.156012
4651.206667,1000,3046.828263
4023.851111,1000,3055.571291
4640.073333,1000,3063.880139
3066.26,85,3064.747549
4679.126667,1000,3073.586147
3562.76,78,3073.993059
4667.26,1000,3082.800189
1052.073333,1000,3091.526031
3335.806667,85,3092.429614
2955.271111,76,3092.841479
3456.093333,79,3093.686257
4675.326667,1000,3102.444224
-3547.46,1000,3111.464073
3193.226667,77,3111.873979
4460.74,1000,3120.548638
3336.74,85,3121.449725
4692.526667,1000,3129.628493
762.806667,1000,3138.386225
2416.64,79,3139.234998
1863.473333,1000,3147.917653
4670.273333,1000,3156.521434
4649.14,1000,3164.880059
4295.984444,1000,3173.939867
3376.533333,79,3174.78761
4482.993333,1000,3183.548146
4591.36,1000,3191.888841
4676.673333,1000,3200.778826
4558.606667,1000,3209.476732
4685.393333,1000,3218.026808
3491.151111,78,3218.431686
4249.94,1000,3227.025677
3811.06,1000,3235.790804
3562.76,78,3236.642519
-14795.273333,1000,3244.829041
4334.94,1000,3253.40811
4.033333,1000,3262.189772
4150.984444,1000,3270.994216
-4843.806667,1000,3279.706045
3536.373333,79,3280.12498
3526.684444,76,3280.955705
4287.326667,1000,3290.077565
4446.14,1000,3298.930891
4597.117778,1000,3307.121078
3858.237778,1000,3315.713598
3473.137778,76,3316.531378
3963.406667,1000,3325.249068
4398.544444,1000,3333.440426
1389.633333,1000,3342.068362
3254.204444,80,3342.906266
3362.56,76,3343.303199
2060.54,1000,3352.03675
3536.373333,79,3352.878483
4648.493333,1000,3361.522374
4664.14,1000,3369.722322
4455.773333,1000,3378.477125
-5146.806667,1000,3386.995111
3219.573333,79,3387.831941
-191.033333,1000,3396.445666
3245.0,78,3396.852649
4662.54,1000,3405.484532
3334.773333,79,3406.350248
2731.417778,76,3406.754131
4645.273333,1000,3415.680329
2846.006667,1000,3424.408916
-2199.233333,1000,3433.077749
2067.673333,1000,3441.606954
4662.54,1000,3450.448317
4420.46,1000,3459.397706
3185.426667,987,3468.785583
640.837778,1000,3477.467936
4704.206667,1000,3485.633223
4609.477778,1000,3494.212035
4422.593333,1000,3503.075089
4490.873333,1000,3512.140517
4258.771111,1000,3521.035771
4465.74,1000,3530.008748
-202.966667,1000,3538.661656
3362.76,78,3539.486377
3537.14,85,3540.369045
3229.24,514,3544.875968
-5229.406667,1000,3553.224271
3134.573333,79,3554.054053
-6002.366667,1000,3563.026032
-4412.66,1000,3571.807685
4676.326667,1000,3580.42169
2796.137778,79,3581.282352
4589.14,1000,3590.078681
-2988.988889,1000,3599.143448
4649.006667,1000,3607.602911
2989.533333,79,3608.460552
4412.66,1000,3617.206161
3976.304444,1000,3626.026694
4297.7,1000,3634.712991
-599.166667,1000,3643.00283
3315.151111,79,3643.873617
-1643.895556,1000,3652.778746
3361.426667,78,3653.198554
3797.571111,1000,3661.986267
4672.006667,1000,3670.800794
4662.173333,1000,3679.767752
4648.606667,1000,3688.513519
3562.826667,78,3688.931394
4049.326667,1000,3697.805754
4680.993333,1000,3706.999188
1834.117778,1000,3715.907956
16.9,1000,3724.130018
3413.571111,1000,3732.805516
4670.66,1000,3741.733358
3537.14,85,3742.608019
3048.673333,1000,3751.380054
4246.273333,1000,3759.762698
3658.873333,1000,3768.801458
4482.606667,1000,3777.614932
4115.566667,1000,3786.330028
4191.226667,1000,3794.899692
4671.66,1000,3803.208439
2257.073333,1000,3812.019858
3926.717778,1000,3820.722647
4489.34,1000,3829.600054
4546.793333,1000,3838.284383
4682.326667,1000,3846.991666
4677.393333,1000,3855.111992
2298.526667,1000,3863.875313
4703.926667,1000,3872.580008
2213.944444,1000,3881.208979
4678.74,1000,3890.180947
4545.193333,1000,3898.38075
3571.771111,1000,3907.030822
4459.073333,1000,3915.611709
2732.84,79,3916.453462
3269.077778,1000,3924.777209
1448.94,1000,3933.402272
4243.451111,1000,3942.062122
-4007.993333,1000,3950.914491
4353.373333,1000,3959.477062
4676.726667,1000,3968.131671
3473.871111,79,3968.541539
4677.926667,1000,3977.170664
-1940.095556,1000,3985.926526
2322.673333,1000,3994.59681
4657.073333,1000,4002.788867
4652.206667,1000,4011.608132
4669.673333,1000,4020.171319
1706.526667,1000,4028.797724
4196.173333,1000,4037.528387
1762.1,1000,4045.848056
4281.793333,1000,4054.485463
4686.193333,1000,4063.271492
4695.926667,1000,4072.405616
3537.473333,89,4073.295198
4222.104444,1000,4081.875437
4490.966667,1000,4090.931633
4675.926667,1000,4100.003398
-8781.233333,1000,4108.862448
581.106667,1000,4117.929638
3319.237778,85,4118.397321
-4714.94,1000,4127.128916
1859.273333,1000,4135.94642
2656.606667,1000,4144.855661
3134.573333,79,4145.268579
3803.326667,1000,4154.162416
4477.993333,1000,4163.792417
-852.073333,1000,4173.019478
4676.26,1000,4181.942961
2935.14,85,4182.390758
4090.526667,1000,4191.44323
-3803.166667,1000,4200.562856
4241.384444,1000,4209.778673
3536.373333,79,4210.260423
3679.726667,1000,4219.378029
4673.593333,1000,4228.10097
4673.793333,1000,4236.8036
4482.326667,1000,4245.481467
4078.393333,1000,4253.827122
-1574.3,1000,4262.437882
4054.26,1000,4271.048954
4691.46,1000,4279.842505
4669.326667,1000,4288.47236
3308.751111,95,4288.962051
-8696.54,1000,4297.665421
-6724.406667,1000,4306.344796
-7987.766667,1000,4315.175156
4686.326667,1000,4323.813063
902.793333,1000,4332.082
3650.771111,1000,4340.850596
4174.117778,1000,4349.477489
4709.793333,1000,4358.242919
2083.14,1000,4366.931807
4492.393333,1000,4375.810904
2829.34,1000,4383.929534
2132.626667,1000,4392.579911
1650.16,664,4398.304374
2271.593333,770,4404.883862
3474.571111,83,4405.75054
3529.717778,93,4406.669056
3536.806667,83,4407.101898
3083.504444,85,4407.962637
2873.737778,84,4408.822335
2963.46,84,4409.257169
2875.537778,88,4410.146795
3364.96,84,4411.014436
2762.726667,86,4411.459247
3493.351111,84,4412.313015
3565.16,85,4413.190612
3042.26,89,4413.655044
2690.273333,84,4414.507772
3109.333333,88,4415.405338
3346.804444,86,4415.867103
3529.751111,86,4416.736778
2968.726667,116,4417.7662
3406.373333,93,4418.692678
3020.011111,83,4419.121529
-1312.433333,83,4420.002175
3163.126667,85,4420.882823
3569.193333,101,4421.404533
3058.16,87,4422.285178
2767.693333,104,4423.246612
3565.493333,83,4424.124305
3049.933333,96,4424.618986
2971.026667,89,4425.50857
3577.426667,135,4426.637629
3350.74,83,4427.558189
3566.593333,92,4428.115727
-2317.533333,92,4429.018285
3565.626667,87,4429.896935
3563.96,80,4430.337832
3152.14,88,4431.267273
3456.526667,81,4432.172853
3093.451111,91,4433.074516
3092.94,85,4433.510313
3564.126667,82,4434.361044
3136.573333,85,4434.801861
3055.026667,80,4435.642577
3563.926667,82,4436.492379
3365.893333,89,4436.955103
3009.217778,87,4437.858652
3366.393333,91,4438.76726
3565.793333,85,4439.213031
3566.226667,87,4440.100697
3565.226667,84,4440.970412
2315.673333,78,4441.375322
3457.493333,84,4442.236948
3566.093333,87,4443.112667
3563.36,80,4443.528529
2479.571111,107,4444.511903
3568.126667,96,4445.442413
2942.226667,90,4446.346022
2845.9,86,4446.791845
3291.077778,87,4447.683422
3566.326667,92,4448.584052
2927.704444,86,4449.029823
3565.993333,86,4449.934425
3092.54,85,4450.813055
-1310.933333,87,4451.2828
3365.26,89,4452.195355
3352.873333,86,4453.074975
-1311.7,86,4453.523809
3493.617778,88,4454.406454
3365.593333,86,4455.290088
2866.8,86,4456.166783
2710.637778,95,4456.663455
3351.106667,84,4457.613841
2930.604444,99,4458.636107
-1709.833333,89,4459.095915
-1112.466667,83,4459.95267
2607.851111,94,4460.903085
3565.193333,87,4461.355913
3351.706667,88,4462.237554
2768.36,86,4463.133114
3167.36,102,4464.088532
3365.06,87,4464.550332
3365.826667,86,4465.44594
3022.306667,117,4466.488118
3166.826667,104,4467.456555
3565.993333,97,4467.963208
3365.026667,86,4468.834878
3334.184444,101,4469.795276
-1304.733333,120,4470.879377
2726.704444,97,4471.857687
2763.06,105,4472.398276
-1097.866667,185,4474.234333
3512.766667,95,4475.156902
3398.593333,206,4476.645947
3577.473333,268,4478.920855
3076.344444,92,4479.855306
3371.226667,113,4480.898518
-1087.166667,209,4482.854464
3576.526667,147,4484.079194
3601.56,268,4486.340115
3566.46,97,4487.300512
2614.006667,183,4488.80053
3151.204444,435,4492.367035
-1711.8,97,4493.297508
2763.626667,94,4494.24402
3437.544444,143,4495.408867
2908.944444,90,4496.326383
3163.793333,87,4496.773227
3577.96,148,4498.389943
3565.226667,89,4498.847724
3367.36,94,4499.757264
3565.726667,90,4500.658929
2236.884444,90,4501.139599
3387.371111,90,4502.032256
3197.86,106,4503.009596
3153.326667,188,4504.444735
3172.293333,124,4505.548783
3538.273333,96,4506.485316
3213.404444,95,4507.404851
3915.726667,1000,4515.997847
2453.917778,935,4524.020421
3134.406667,77,4524.852208
3579.46,151,4526.052006
-1110.066667,91,4526.536741
3301.993333,102,4527.48617
2849.517778,89,4528.367808
3566.16,98,4529.301352
2812.171111,91,4529.775017
3388.671111,94,4530.683657
2516.077778,133,4531.802597
3164.26,96,4532.71918
3017.573333,90,4533.627791
3089.773333,113,4534.654049
3369.56,110,4535.249454
2855.704444,92,4536.147012
2589.393333,200,4538.046941
3074.437778,90,4538.524702
2714.206667,225,4540.639973
3372.926667,132,4541.753025
3569.993333,109,4542.750358
2585.8,170,4544.106739
3378.637778,120,4545.168864
2883.011111,124,4546.240001
2865.5,84,4547.147575
3542.273333,101,4548.229748
3202.026667,229,4549.830828
3117.271111,124,4550.900003
2869.866667,121,4551.958141
-1305.533333,125,4553.039249
3567.893333,119,4554.104401
3516.96,1000,4562.798304
3564.993333,87,4563.685975
3569.293333,101,4564.64238
3022.64,127,4565.78928
-1069.362222,1000,4574.041247
3458.026667,88,4574.929846
3185.893333,187,4576.778903
2619.173333,121,4577.506957
2453.817778,148,4579.197458
3147.506667,124,4580.285573
3543.706667,124,4581.385613
3565.46,87,4581.862346
3167.66,107,4582.843715
3177.626667,166,4584.130322
3120.517778,199,4586.040179
3425.477778,106,4587.034486
3036.66,121,4588.129587
2792.026667,181,4589.523397
2456.666667,143,4590.705455
2815.473333,79,4591.540193
3408.46,228,4593.620488
3408.16,236,4595.269116
3564.326667,86,4596.136762
2968.426667,114,4597.160061
2304.873333,158,4598.410722
3577.626667,146,4599.590573
3567.326667,96,4600.507109
3563.66,81,4601.354847
-1308.233333,112,4602.362194
3524.304444,123,4603.42835
3544.14,105,4603.973884
3572.026667,167,4605.692291
3166.36,101,4606.638687
3575.76,164,4608.060884
3566.293333,99,4609.036313
2538.773333,95,4609.549905
3574.86,170,4611.290287
2862.471111,120,4612.332466
3495.54,137,4613.473415
2795.893333,230,4615.083138
3388.673333,267,4617.773341
2315.171111,130,4618.917283
2280.726667,1000,4627.115321
4637.74,1000,4635.785275
4702.993333,1000,4644.636642
4600.726667,1000,4653.300447
4535.317778,1000,4662.014148
4653.06,1000,4670.519377
4645.46,1000,4679.148336
4648.126667,1000,4687.766383
4650.06,1000,4696.426321
4652.46,1000,4705.239732
3083.926667,1000,4713.879302
1332.751111,974,4721.916041
3564.093333,84,4722.792772
3564.66,85,4723.242498
3565.126667,90,4724.14608
-1308.5,95,4725.073667
2645.433333,84,4725.957273
3192.626667,190,4727.426347
3164.293333,107,4728.515435
2928.071111,125,4729.645414
1853.811111,220,4731.665978
3423.344444,95,4732.166638
3571.626667,111,4733.224839
2999.026667,218,4735.236521
3573.893333,142,4736.408386
2874.904444,89,4737.303994
1546.773333,194,4738.757109
3365.06,91,4739.669669
3172.193333,121,4740.730483
3512.433333,98,4741.679905
3578.593333,141,4742.840811
1872.193333,499,4747.14757
-2121.766667,1000,4755.39057
2352.337778,468,4759.683059
3564.293333,83,4760.571724
3565.56,90,4761.038471
3567.926667,97,4761.990891
2964.393333,85,4762.85761
3483.873333,84,4763.717353
3440.051111,85,4764.161089
2767.06,102,4765.13057
3568.826667,98,4766.085977
2827.411111,104,4767.059461
3573.293333,112,4767.648851
3298.826667,83,4768.515609
2699.071111,86,4769.395222
3365.26,91,4769.887893
3565.193333,84,4770.788486
3364.26,85,4771.65322
2957.904444,85,4772.095017
3054.033333,118,4773.136217
-1711.8,96,4774.062739
2610.726667,311,4776.978909
3529.317778,89,4777.443693
3564.793333,87,4778.327304
3459.793333,101,4779.278828
2947.193333,107,4780.263169
3565.626667,93,4780.745908
3565.926667,94,4781.657477
2746.94,139,4782.80338
2878.344444,144,4784.023157
-1498.633333,194,4785.897109
2867.333333,92,4786.372871
2763.993333,98,4787.378154
2762.926667,85,4788.361557
3164.226667,82,4789.216265
3163.693333,86,4789.655095
3375.826667,134,4790.796012
3176.093333,127,4791.884179
-1312.5,86,4792.755808
3364.493333,91,4793.654522
2592.593333,84,4794.087373
3167.26,106,4795.062764
2950.306667,88,4795.951353
3163.826667,91,4796.426045
-1114.133333,83,4797.279797
3565.693333,93,4798.219279
3206.24,95,4799.137831
3293.251111,84,4799.573664
3574.36,124,4800.642773
3564.293333,84,4801.501504
3476.671111,93,4802.410085
3365.926667,95,4802.900805
2907.677778,85,4803.766423
3566.426667,91,4804.668011
3564.726667,84,4805.102881
3364.293333,90,4805.997458
3564.76,86,4806.871264
-1301.366667,126,4807.948337
3564.793333,87,4808.409079
2900.126667,88,4809.281747
3564.593333,86,4810.154413
3565.76,91,4810.642143
2963.526667,92,4811.53776
-1700.066667,131,4812.639795
2952.693333,133,4813.747837
2937.64,96,4814.661399
3157.084444,185,4816.046735
2749.637778,110,4817.043995
4471.277778,1000,4825.725832
-11185.2,1000,4834.455485
-234.306667,1000,4843.045529
3761.277778,1000,4851.816055
1673.026667,1000,4859.963276
3367.526667,111,4860.990548
-2926.133333,824,4868.295134
3567.226667,105,4869.277548
3159.517778,81,4869.703405
3127.284444,157,4871.022882
-1111.933333,85,4871.884571
3403.273333,81,4872.751257
3568.226667,107,4873.742646
3567.126667,96,4874.233334
3377.86,142,4875.393167
3165.693333,99,4876.362577
3432.726667,91,4877.331022
3364.993333,88,4878.373203
3338.506667,90,4878.834006
3406.506667,102,4879.785464
2875.171111,96,4880.705002
3326.126667,93,4881.624548
2963.626667,92,4882.097248
3567.293333,98,4883.030818
3564.793333,87,4883.914461
3165.726667,101,4884.436027
3212.904444,88,4885.317711
2965.926667,91,4886.220296
3164.226667,91,4887.116826
3382.826667,170,4888.446352
3566.693333,97,4889.373792
3483.94,86,4889.817641
3367.96,106,4890.784097
-1309.833333,105,4891.756484
3358.693333,243,4893.863789
-1294.966667,166,4895.16392
3565.493333,93,4896.063509
3404.706667,89,4896.971082
3568.66,106,4897.524567
3496.551111,109,4898.526961
3213.393333,351,4901.611668
3567.693333,118,4902.664826
2972.36,147,4903.855716
3097.36,1000,4912.765858
2654.937778,96,4913.717353
3569.726667,110,4914.70863
3516.393333,1000,4922.892854
3170.226667,121,4923.959038
3370.393333,123,4925.031139
3495.651111,102,4925.980626
4534.44,1000,4934.578745
4131.526667,1000,4943.305495
4732.66,1000,4951.500543
3570.593333,117,4952.532876
3232.066667,760,4959.086676
2419.626667,341,4962.141513
3571.826667,127,4963.224618
-1496.3,176,4964.577996
3282.037778,88,4965.456648
3170.76,113,4966.463919
2391.666667,103,4967.5191
3568.76,114,4968.678075
3567.226667,107,4969.234552
3608.26,507,4973.598428
-1305.466667,127,4974.673555
3569.393333,131,4975.767622
3567.993333,121,4976.813869
3516.1,117,4977.844118
3434.193333,414,4981.737635
3082.777778,123,4982.370021
2891.426667,588,4987.552091
3335.617778,129,4988.667147
3572.626667,145,4989.854972
3121.851111,111,4990.853266
1924.326667,906,4998.729246
3077.137778,104,4999.690669
3164.926667,101,5000.649153
2970.593333,128,5001.73122
2625.611111,128,5002.82229
3564.526667,88,5003.280113
3299.726667,84,5004.141776
2988.937778,105,5005.128138
3094.817778,101,5006.104528
3566.093333,98,5006.665994
3290.611111,88,5007.563618
3170.193333,132,5008.678648
2893.106667,103,5009.631102
3534.117778,114,5010.660383
3260.071111,104,5011.63752
3365.86,100,5012.16112
3175.426667,116,5013.193361
2877.571111,110,5014.208646
3106.471111,121,5015.279781
2648.684444,111,5016.289085
2495.904444,89,5017.185687
3570.426667,116,5018.232887
3332.684444,118,5019.291059
3457.993333,87,5019.747836
3488.306667,115,5020.785065
3163.926667,90,5021.70361
2834.784444,116,5022.790728
3168.393333,115,5023.833949
3464.793333,113,5024.852192
3147.773333,115,5025.453619
3058.526667,94,5026.370209
3320.4,129,5027.566934
3571.26,140,5028.793656
-1105.3,125,5029.874766
3586.893333,216,5031.848489
2000.16,130,5032.967498
3031.826667,103,5033.939912
2424.36,359,5037.06164
3563.76,83,5037.488424
3572.526667,128,5038.582611
1778.251111,722,5044.920726
-1308.2,97,5045.872152
2978.017778,1000,5054.128119
2966.593333,102,5055.08759
2145.217778,213,5057.037312
3568.26,97,5058.102456
3572.293333,119,5059.152725
-1706.0,110,5059.726115
3568.626667,99,5060.682492
3567.893333,108,5061.672842
-1701.3,159,5062.930453
3262.437778,123,5064.013595
2807.193333,284,5066.358324
3312.351111,105,5067.332684
3170.293333,128,5068.4777
3570.026667,110,5069.487373
-1312.3,95,5070.444858
3168.193333,102,5071.413196
3383.926667,171,5072.731704
2221.206667,120,5073.801267
2427.704444,172,5075.141656
3565.76,92,5076.058283
3567.993333,106,5077.039659
1952.466667,252,5079.211812
-1310.7,95,5080.166224
3368.093333,102,5080.691885
2902.426667,102,5081.667238
3168.126667,101,5082.619739
3367.326667,101,5083.564176
2892.137778,228,5085.614735
3173.56,142,5086.771606
3419.826667,317,5089.433484
3135.04,81,5090.288165
3581.16,198,5091.784242
3568.06,106,5092.790509
3606.026667,226,5094.829025
3566.793333,97,5095.76658
3565.16,87,5096.220376
2238.293333,409,5100.125938
2609.966667,209,5101.648829
2968.984444,130,5102.746899
3185.266667,121,5103.807099
3336.773333,84,5104.702703
3593.426667,263,5106.927732
3368.76,103,5107.901179
3369.726667,108,5108.487686
3568.693333,108,5109.470023
2013.926667,301,5112.359262
3596.217778,1000,5120.838677
2330.011111,737,5127.2127
319.526667,1000,5135.869597
4195.14,1000,5144.484491
4649.66,1000,5153.233136
4107.704444,1000,5161.830203
2833.16,611,5166.7159
3566.46,95,5167.63349
3342.993333,1000,5176.379339
1665.251111,277,5178.898605
3199.693333,105,5179.897936
3163.126667,88,5180.821428
-1107.3,95,5181.319136
3568.76,97,5182.260618
2603.04,266,5184.499631
3568.593333,95,5185.422168
3243.117778,100,5186.376588
3566.56,91,5186.850788
3432.104444,264,5189.072801
3568.226667,98,5190.008279
3567.693333,116,5191.051521
2036.16,104,5192.016947
3168.026667,102,5192.978371
2967.393333,114,5194.047132
2504.551111,334,5196.648208
2596.117778,313,5199.573321
2617.16,282,5201.890162
3266.293333,474,5206.103091
3173.526667,102,5206.628687
3383.571111,1000,5215.428181
3525.06,1000,5224.02394
4160.9,1000,5232.668892
3142.504444,161,5233.920563
3567.76,103,5234.880995
3566.193333,90,5235.770696
3083.426667,555,5240.506989
2767.626667,115,5241.532214
3016.606667,90,5242.000962
2138.593333,1000,5250.58905
4715.626667,1000,5259.234917
3707.426667,703,5265.52308
3368.726667,101,5266.042727
2896.006667,106,5267.031049
3329.926667,102,5268.249789
2565.426667,157,5269.558369
3582.926667,187,5271.40239
3580.826667,158,5272.648426
3137.693333,143,5273.847265
3370.126667,151,5275.120817
3601.393333,211,5277.070642
2918.684444,99,5278.010081
2743.973333,128,5279.097192
-3951.266667,762,5285.575868
3508.771111,263,5287.789946
2622.093333,298,5290.170661
3566.126667,91,5291.073282
-2114.633333,95,5291.567959
3165.96,96,5292.518391
3179.426667,138,5293.672342
3059.16,100,5294.647734
3570.093333,102,5295.625122
3566.493333,91,5296.549654
3169.593333,115,5297.219824
3366.56,94,5298.25709
3191.66,198,5300.147052
3530.551111,95,5300.641717
3363.893333,83,5301.517335
3367.693333,96,5302.451836
3282.604444,89,5303.342579
3052.333333,114,5303.946962
3564.66,88,5304.840652
3255.871111,87,5305.721219
2562.933333,312,5308.201665
2713.437778,117,5309.244839
2115.884444,99,5310.187316
3277.006667,110,5311.191673
3163.56,87,5311.646455
3163.76,89,5312.536027
3207.133333,233,5314.705375
2737.093333,765,5321.276813
3168.56,104,5322.24925
3569.793333,103,5323.21666
3225.044444,113,5323.808005
3567.06,106,5324.786448
3068.777778,93,5325.698986
2938.24,93,5326.63249
3582.693333,171,5328.090557
3115.833333,111,5329.098861
-1712.466667,95,5330.014416
2692.406667,585,5334.736824
1971.477778,451,5338.754453
3364.726667,87,5339.210275
3536.206667,79,5340.035999
3537.74,84,5340.910705
3050.96,389,5344.201977
3111.833333,104,5345.166399
3568.16,98,5345.675039
-2114.033333,96,5346.601562
2968.193333,109,5347.599894
2968.293333,115,5348.635126
3166.326667,99,5349.581661
3256.393333,467,5353.301674
3569.426667,110,5354.328928
3567.193333,92,5355.230133
-1309.133333,95,5356.156748
2843.006667,91,5356.638878
3364.426667,88,5357.610282
2993.0,95,5358.620011
-1111.133333,90,5359.091723
3567.493333,101,5360.052824
2794.34,304,5362.938864
3170.06,117,5363.998689
3569.093333,100,5364.521896
3569.326667,102,5365.485992
-1250.3,331,5368.513082
3398.5,158,5369.77635
3212.704444,87,5370.701411
-232.328889,1000,5378.96156
2603.493333,236,5381.04205
3363.46,86,5381.914004
2067.184444,1000,5390.8566
2847.86,472,5394.649482
2618.16,306,5397.598599
2224.504444,97,5398.532139
3145.306667,96,5399.032799
3514.226667,639,5404.456296
-1295.833333,173,5406.21959
-1112.266667,85,5406.658417
3018.14,95,5407.574964
2682.084444,97,5408.499458
-1308.5,97,5409.437025
3165.46,90,5409.89775
3175.86,144,5411.069587
2934.817778,82,5411.929289
2528.826667,107,5412.919718
3165.993333,96,5413.863161
3167.426667,107,5414.426649
3373.904444,116,5415.462842
-1305.5,127,5416.571951
2223.526667,347,5419.814209
3183.46,167,5421.116804
2679.426667,541,5426.101401
3314.8,96,5426.598111
2748.6,107,5427.57945
2601.537778,126,5428.663552
3368.16,98,5429.60607
2607.773333,103,5430.56846
3099.771111,185,5431.977694
3302.76,103,5432.947168
3565.593333,96,5433.899555
3006.34,96,5434.856155
3166.36,93,5435.352752
3002.573333,87,5436.233398
2481.871111,114,5437.262678
2211.984444,114,5438.283917
3569.593333,108,5439.309201
3570.026667,116,5439.910603
2222.593333,317,5442.859718
2766.926667,109,5443.856067
3568.426667,99,5444.81745
-2072.433333,233,5446.465074
2155.226667,114,5447.596022
3511.933333,89,5448.54252
3165.493333,101,5449.497937
3316.184444,84,5449.93477
3020.906667,108,5450.931144
3371.104444,322,5453.911139
2397.493333,1000,5462.643908
3133.16,765,5469.246281
3195.726667,212,5470.820073
2126.873333,741,5477.199017
2754.206667,156,5478.525501
2966.393333,101,5479.469979
3564.06,85,5480.36858
3618.793333,338,5482.963677
2644.46,450,5487.003858
3167.793333,114,5488.024147
3570.126667,114,5489.039381
3196.026667,93,5489.52017
3173.126667,153,5491.179732
3171.16,129,5492.277773
2823.126667,372,5495.089921
3603.76,278,5497.845515
3105.36,1000,5506.467498
3318.917778,105,5507.621383
4501.826667,1000,5516.643337
4099.926667,1000,5525.613262
2695.426667,1000,5534.323992
4666.593333,1000,5542.670615
4310.371111,1000,5551.356357
-5967.966667,1000,5560.252806
-4921.473333,1000,5569.370481
2926.273333,1000,5578.071356
2965.226667,93,5578.552077
-1111.366667,101,5579.510483
3044.36,100,5580.508839
3153.851111,184,5581.927344
2332.917778,93,5582.831782
3585.926667,161,5584.132825
3715.984444,1000,5592.88307
4313.593333,1000,5601.787076
-3966.2,1000,5610.764155
4670.593333,1000,5619.479192
4660.926667,1000,5628.6858
4231.971111,1000,5636.950766
4255.793333,1000,5645.514917
3172.717778,1000,5654.129603
3345.126667,1000,5663.058058
4748.46,1000,5671.810763
3993.14,1000,5680.029198
4728.326667,1000,5688.830591
2499.3,1000,5697.419602
4498.06,1000,5706.02469
4675.593333,1000,5714.598773
4730.46,1000,5722.82839
1800.26,1000,5731.359999
4731.593333,1000,5740.075059
1527.811111,739,5746.473223
1692.473333,598,5752.013445
2396.56,1000,5760.245574
3121.093333,1000,5768.969125
2027.633333,477,5773.208753
2532.74,247,5775.337054
3575.893333,132,5776.443246
3366.06,93,5777.375677
2410.971111,277,5779.789332
3619.626667,266,5781.998274
3317.217778,92,5782.902855
3571.893333,114,5783.491247
3461.86,97,5784.42375
3567.626667,94,5785.347283
3276.171111,94,5786.282781
3366.126667,94,5786.775458
3320.771111,90,5787.678016
3567.393333,98,5788.609605
3565.26,90,5789.53913
3338.606667,87,5789.9849
3022.277778,91,5790.8825
2280.371111,95,5791.79808
3165.76,92,5792.27301
3406.473333,95,5793.213497
3136.973333,87,5794.100125
-1510.3,94,5795.04061
3167.393333,94,5795.547283
3114.066667,100,5796.563721
3104.826667,116,5797.589953
3566.96,96,5798.549387
3564.96,87,5799.000182
3566.06,88,5799.918727
3168.726667,98,5800.866232
3337.806667,86,5801.756813
3566.793333,100,5802.271472
3575.193333,131,5803.401452
3304.36,107,5804.405766
3568.093333,96,5805.337276
2843.626667,93,5806.247841
2744.593333,98,5806.752532
3567.026667,94,5807.820604
3137.993333,237,5809.978879
3570.026667,103,5810.937337
3566.06,93,5811.862831
-1107.766667,97,5812.372435
2930.26,104,5813.347901
2379.926667,155,5814.579255
2709.437778,136,5815.70719
3567.06,101,5816.667622
3025.673333,107,5817.661006
2942.404444,312,5820.137414
3599.793333,239,5822.242866
2419.926667,273,5824.538737
3595.593333,214,5826.517443
3196.126667,199,5828.478163
2997.86,239,5830.646402
1915.293333,760,5836.794018
2604.526667,272,5839.664302
1972.44,389,5843.01642
748.237778,574,5848.02706
2622.226667,318,5851.035981
3607.726667,1000,5859.463562
3195.037778,121,5860.602519
3206.76,255,5862.834806
3570.693333,109,5863.890886
3566.326667,95,5864.851328
3576.16,178,5866.244052
3165.293333,95,5867.20302
3568.926667,102,5868.296075
3566.46,91,5869.218232
-1106.4,101,5869.769899
3568.426667,96,5870.712316
3366.026667,92,5871.647017
3567.16,96,5872.575609
3368.993333,98,5873.088424
3425.311111,103,5874.06404
3366.96,107,5875.048105
3495.517778,95,5875.981559
2453.817778,100,5876.945956
3572.526667,118,5877.586073
2811.904444,94,5878.525681
3567.76,105,5879.537734
3378.493333,142,5880.820343
3302.76,102,5881.84261
3178.893333,158,5883.088304
2861.6,141,5884.270113
1679.426667,506,5888.601271
1931.311111,311,5891.501555
3578.86,147,5892.685433
3232.926667,100,5893.643873
3225.973333,439,5897.216417
3166.226667,99,5898.296565
3643.026667,358,5901.444192
3569.193333,103,5901.971828
3152.393333,792,5909.073465
2817.206667,88,5909.525977
-1108.866667,100,5910.462465
3569.126667,102,5911.423979
3575.226667,139,5912.562989
-1700.5,139,5913.704977
1949.393333,767,5920.252008
3165.36,104,5921.221451
3369.026667,100,5922.166921
3318.484444,98,5922.693515
1950.666667,224,5924.725222
2764.393333,92,5925.623762
3240.226667,355,5928.889961
3565.193333,89,5929.344703
2733.784444,198,5931.245679
3565.626667,89,5932.137312
2553.384444,362,5934.87108
3017.326667,289,5937.675584
3567.893333,102,5938.209157
2768.426667,114,5939.225475
3441.526667,365,5942.391949
3538.206667,88,5943.282596
3004.36,251,5945.448887
1008.826667,1000,5954.093063
-1108.533333,97,5954.592719
3669.293333,432,5958.673743
3261.793333,115,5959.696653
2431.237778,89,5960.162366
3566.86,99,5961.108301
2959.637778,92,5962.011884
3144.106667,149,5963.204458
3573.526667,164,5964.487029
2747.766667,105,5965.466445
3377.46,161,5966.72366
-1911.833333,93,5967.629294
-1319.333333,95,5968.544847
3397.626667,209,5970.057047
3569.893333,108,5971.0594
3424.677778,97,5971.989877
2796.593333,237,5974.083282
3230.093333,301,5976.506842
3393.433333,165,5978.207275
3074.866667,1000,5986.426533
2994.866667,1000,5995.126378
2146.066667,743,6001.524853
2967.86,108,6002.508224
3025.76,293,6004.893797
3251.466667,100,6005.835354
2843.64,99,6006.793795
2713.266667,116,6007.827196
2814.137778,94,6008.308319
2564.826667,851,6015.715735
-1106.233333,107,6016.704056
2734.151111,113,6017.818136
2839.626667,368,6021.045487
2560.771111,151,6022.255736
3569.826667,108,6023.247776
1379.06,1000,6031.433557
4130.86,1000,6040.072636
3114.126667,1000,6048.847505
3180.184444,1000,6057.398107
4662.526667,1000,6066.083601
4522.193333,1000,6074.282646
-6433.362222,1000,6082.998832
3765.104444,1000,6091.551695
4574.74,1000,6100.107311
2533.14,1000,6108.853929
3950.444444,1000,6117.429564
4672.86,1000,6125.900693
3216.14,1000,6134.846885
3960.26,1000,6143.899739
3201.426667,203,6145.879432
2898.36,765,6152.621499
3166.66,96,6153.147048
3276.973333,97,6154.115432
3569.126667,99,6155.115757
2739.373333,102,6156.100562
3299.626667,88,6156.579281
3568.26,95,6157.571971
3165.493333,99,6158.548326
3117.171111,209,6160.128103
3566.993333,100,6161.108484
2620.517778,148,6162.346213
3147.806667,98,6163.315582
3261.466667,158,6164.647025
2238.751111,100,6165.667295
-1112.0,93,6166.602831
3167.726667,98,6167.645009
3259.893333,98,6168.297265
2219.793333,292,6171.202498
2764.16,94,6171.716126
3164.093333,95,6172.65864
3566.726667,94,6173.601086
2836.533333,307,6176.115364
3183.06,171,6177.897599
2407.56,235,6179.609024
2926.96,148,6181.275569
3017.993333,322,6183.881603
1381.126667,1000,6192.748898
1661.14,369,6196.056057
1203.973333,899,6204.125484
3166.36,96,6205.090904
3367.626667,101,6205.641432
3586.06,200,6207.57227
-1313.633333,83,6208.474857
3166.226667,95,6208.988484
2912.333333,99,6209.980832
3365.76,87,6210.892395
3567.26,96,6211.847841
3178.626667,150,6213.091515
3571.726667,107,6214.105803
2413.373333,100,6214.64636
3408.36,258,6216.926264
-1308.866667,103,6217.9226
3479.837778,101,6218.899029
3576.493333,133,6220.068863
2995.926667,88,6220.991397
3242.951111,94,6221.52497
2731.117778,101,6222.503355
3570.093333,102,6223.491712
3570.56,155,6224.773287
2620.36,299,6227.814159
2975.493333,137,6229.07778
2564.193333,96,6229.595395
-1796.133333,549,6234.742636
3570.06,121,6235.845686
2866.766667,88,6236.327474
3568.76,103,6237.313761
3406.24,90,6238.228317
3569.426667,100,6239.205704
3166.893333,100,6239.761219
3569.66,102,6240.761545
3476.437778,89,6241.675104
3568.96,103,6242.667451
3567.96,94,6243.18008
3569.86,102,6244.158464
2685.373333,99,6245.167198
3166.16,96,6246.113668
-1310.366667,92,6246.617322
3567.826667,102,6247.592716
3020.906667,104,6248.584066
3567.926667,100,6249.560482
2988.237778,93,6250.508948
3379.293333,143,6251.725666
3168.593333,101,6252.273202
2257.471111,101,6253.24962
3216.704444,111,6254.280835
3021.74,103,6255.293131
3365.06,92,6256.222644
2545.537778,103,6256.796112
3337.94,81,6257.789456
2755.826667,188,6259.747221
3569.526667,104,6260.323715
3568.193333,95,6261.273143
2662.684444,104,6262.264507
3569.693333,106,6263.28478
3569.293333,115,6264.348934
3089.04,105,6264.924396
3548.271111,92,6265.873304
3349.871111,95,6266.81583
2657.36,98,6267.779208
-1306.6,103,6268.335721
3222.96,288,6271.189093
3147.073333,96,6271.709702
3566.426667,94,6272.645275
2944.426667,128,6273.766204
1666.16,444,6277.904973
335.533333,620,6283.391307
1931.173333,222,6285.015963
3568.126667,96,6285.966423
3011.293333,262,6288.438813
3568.56,108,6289.456094
2558.46,555,6294.183456
3341.673333,103,6295.162838
835.906667,1000,6304.010186
-2101.133333,149,6305.267865
3197.793333,100,6306.247205
3567.226667,94,6307.205643
3582.36,157,6308.474252
3583.526667,162,6309.767794
3567.826667,99,6310.731219
3566.56,90,6311.230884
3569.726667,110,6312.254148
3566.993333,93,6313.188649
3145.173333,90,6314.110185
3568.56,104,6315.09954
3476.904444,90,6315.586279
3569.66,123,6316.685302
2968.026667,107,6317.812289
3347.004444,105,6318.892401
2841.793333,367,6322.172632
3164.926667,92,6323.104141
2474.726667,267,6325.403993
3570.46,105,6325.968484
3569.226667,103,6326.956842
-1309.533333,96,6327.90032
3569.726667,106,6328.90566
3165.993333,91,6329.826172
3369.66,104,6330.38867
3215.504444,102,6331.378024
3568.826667,104,6332.3594
-1508.066667,97,6333.330804
3261.193333,103,6333.88532
2797.426667,107,6334.89163
3568.16,94,6335.825171
2962.26,84,6336.722763
-1309.966667,107,6337.731077
3369.826667,122,6338.819131
-1305.6,101,6339.368662
2853.433333,112,6340.398907
3568.76,99,6341.368316
3569.26,103,6342.360664
2872.937778,79,6342.786525
2859.926667,108,6343.797822
3585.593333,173,6345.603993
3569.76,110,6346.200434
3426.877778,109,6347.256575
3368.593333,103,6348.416474
4201.473333,1000,6357.27579
2963.56,90,6358.207302
3567.626667,95,6358.71594
2541.56,93,6359.648477
3569.826667,107,6360.650805
3497.617778,100,6361.64511
3015.004444,96,6362.176689
3507.504444,106,6363.181052
2765.56,99,6364.154402
3570.526667,109,6365.18764
2967.86,101,6366.176995
3566.993333,97,6366.726561
3569.626667,105,6367.721866
-1508.466667,99,6368.67731
3424.977778,93,6369.619791
3365.993333,89,6370.105512
2263.771111,132,6371.254421
3186.826667,224,6373.317933
3591.76,226,6375.400337
3165.693333,103,6376.386735
3139.64,100,6377.414953
3165.26,94,6378.051252
3568.293333,101,6379.085486
3183.526667,177,6380.472778
3164.126667,92,6381.406787
3086.204444,117,6382.491887
3368.626667,102,6383.471306
-1302.033333,135,6384.637152
3079.311111,100,6385.604567
3487.34,97,6386.567026
3566.76,94,6387.103593
3423.16,289,6389.524088
3217.793333,299,6392.42533
2621.793333,324,6395.046325
3164.96,95,6395.993792
3569.093333,103,6396.983147
3315.633333,103,6398.062017
-1706.4,113,6399.106228
3617.093333,296,6401.561698
3193.493333,1000,6410.630455
2107.66,818,6417.611756
3248.133333,90,6418.534322
3565.626667,88,6419.444855
2965.86,106,6420.021315
3369.493333,108,6421.032612
3567.026667,92,6421.953177
2648.006667,97,6422.915578
2963.56,94,6423.436187
3436.793333,112,6424.495389
3366.426667,102,6425.485773
3369.693333,109,6426.505979
3362.826667,80,6427.369706
3565.326667,87,6427.839415
3168.326667,123,6428.948449
3381.133333,101,6429.92088
3571.56,118,6430.985005
2977.56,134,6432.135964
3563.493333,79,6433.004635
3569.226667,115,6433.63695
3172.526667,133,6434.77986
-1310.766667,103,6435.768256
3565.36,91,6436.688757
3411.473333,115,6437.870599
3370.226667,115,6439.026508
3161.826667,80,6439.463377
3565.34,217,6441.489961
2414.34,383,6444.843991
3540.34,106,6445.84129
2525.66,233,6447.956663
2555.86,471,6451.766449
3417.871111,265,6454.495155
3846.437778,1000,6462.869801
3598.526667,287,6465.717156
3563.726667,80,6466.146009
3370.426667,116,6467.211162
3537.54,80,6468.230437
3170.26,128,6469.356461
3566.426667,103,6470.338838
-2663.7,288,6472.777281
3078.144444,99,6473.746721
3305.96,117,6474.386015
3568.693333,117,6475.440162
2963.704444,117,6476.498371
2769.193333,115,6477.541545
-3042.1,465,6481.780213
3011.651111,107,6482.781572
3140.293333,164,6484.11401
3568.726667,101,6485.097346
2931.933333,189,6486.544477
3431.56,402,6489.990267
3520.551111,304,6492.914484
3457.093333,1000,6501.950292
2794.026667,366,6504.776772
3395.593333,543,6509.838241
3566.293333,99,6510.362803
3538.451111,188,6512.219876
3565.993333,97,6513.179274
3476.371111,96,6513.6939
-2095.666667,248,6515.890054
3573.66,155,6517.613454
3496.451111,113,6518.219799
3086.871111,112,6519.251073
3134.384444,82,6520.128717
3383.1,127,6521.238758
3587.46,263,6523.5047
3566.493333,100,6524.478069
2596.793333,105,6525.494352
2868.166667,104,6526.054865
3163.093333,85,6526.945473
3573.893333,133,6528.266941
2267.166667,109,6529.285219
3503.384444,166,6530.620652
3575.893333,168,6532.396927
-1309.033333,102,6532.948456
2782.266667,121,6534.046518
3592.126667,323,6537.090381
2207.026667,328,6539.740275
2691.137778,499,6544.14952
2719.137778,150,6545.423077
3538.406667,93,6546.357579
4474.893333,1000,6555.194988
-1484.833333,202,6557.168676
2872.626667,1000,6565.792691
4251.74,1000,6574.678906
4665.793333,1000,6583.56914
4569.326667,1000,6593.235299
4619.673333,1000,6602.286103
4452.206667,1000,6610.795355
4298.771111,1000,6619.863115
4648.26,1000,6628.736395
4045.037778,1000,6637.601413
1147.06,1000,6646.515597
3219.751111,1000,6655.536483
4158.573333,1000,6664.015814
3571.46,109,6665.069025
-1312.3,97,6666.021451
3588.093333,213,6668.073965
3252.593333,1000,6676.476537
4211.371111,1000,6685.477977
4647.393333,1000,6694.298364
4529.917778,1000,6703.151726
-725.406667,1000,6712.192569
4447.126667,1000,6720.609049
4648.46,1000,6729.428525
4326.26,1000,6738.130891
3130.26,1000,6747.135744
3565.326667,90,6748.078224
4686.06,1000,6756.462087
3690.826667,1000,6765.181285
3354.66,1000,6774.215136
1559.126667,1000,6783.04154
-3725.5,1000,6791.863427
2628.36,394,6795.175579
3591.96,191,6796.586935
3192.96,195,6798.630451
3566.26,99,6799.5719
2584.126667,1000,6808.058213
4570.293333,1000,6816.963479
-3995.766667,1000,6825.772251
4508.737778,1000,6834.542799
3939.304444,1000,6843.500851
4018.411111,1000,6852.03125
3576.76,140,6853.659863
3267.826667,488,6857.838362
3015.526667,253,6860.044908
3521.637778,94,6860.950484
3576.126667,137,6862.08123
2972.126667,122,6863.131389
3138.033333,167,6864.430949
3564.46,86,6865.292353
3165.793333,102,6866.255777
3147.506667,108,6867.246129
3545.684444,154,6868.459959
3171.293333,116,6869.53512
2773.66,130,6870.680022
2634.893333,371,6874.006131
2996.526667,224,6875.680655
-1295.0,154,6877.375125
2229.171111,181,6878.790342
3568.393333,99,6879.790667
2976.106667,158,6881.069272
3365.593333,93,6882.010768
2442.926667,297,6884.479172
2989.893333,216,6886.523671
2915.204444,227,6888.825516
3044.46,356,6891.673888
3570.26,103,6892.62942
3365.426667,91,6893.521984
3570.593333,103,6894.481166
3063.204444,118,6895.528367
2964.593333,84,6895.96117
3366.293333,99,6896.897746
3223.473333,102,6897.851232
3165.093333,90,6898.748832
3564.726667,87,6899.193706
3174.46,132,6900.312736
3188.104444,93,6901.216375
3166.726667,98,6902.147924
3565.126667,93,6902.634664
3012.084444,103,6903.588113
3364.693333,87,6904.495609
3573.726667,122,6905.592711
3102.326667,567,6910.385891
3924.593333,1000,6919.349931
4655.126667,1000,6927.941249
4229.54,1000,6936.806628
4036.837778,1000,6945.771738
4430.606667,1000,6954.32465
4643.993333,1000,6962.905979
4154.544444,1000,6971.843125
4019.86,1000,6980.813386
4644.06,1000,6989.465829
4644.126667,1000,6997.937182
4644.06,1000,7006.908126
4644.393333,1000,7015.852215
4379.126667,1000,7024.511812
4653.526667,1000,7033.484865
4249.277778,1000,7042.579512
1747.24,443,7046.283645
3189.911111,218,7048.343104
3448.277778,177,7049.746353
2503.673333,139,7050.940449
2374.573333,123,7052.029503
3578.36,137,7053.220354
2975.66,135,7054.379221
3173.26,118,7055.45335
3207.893333,253,7057.697351
2971.993333,120,7058.784445
3188.526667,165,7060.123906
3144.706667,95,7061.071331
-1095.3,148,7062.313011
3249.951111,132,7063.461941
2760.606667,133,7064.883141
2385.4,122,7065.972264
2234.206667,412,7069.969164
2195.06,249,7071.666731
3585.526667,162,7073.346363
3176.726667,129,7074.43404
3163.36,87,7074.881811
3194.46,188,7076.693922
3265.137778,275,7079.049508
2886.126667,160,7080.351009
-1704.6,131,7081.492956
2443.293333,146,7082.745644
3020.206667,120,7083.840681
-4306.9,936,7092.389827
3571.926667,112,7093.423103
737.326667,1000,7102.059076
4525.26,1000,7110.613298
1711.726667,1000,7119.412578
1527.46,1000,7128.566516
2669.937778,1000,7137.1278
3413.56,719,7143.180585
3578.493333,142,7144.404313
3546.704444,85,7145.301915
3163.293333,88,7146.208491
3370.626667,116,7147.27065
-1111.766667,82,7147.715461
-1312.2,146,7149.01
2455.6,124,7150.114049
3167.326667,103,7151.078551
3565.26,89,7151.958304
3196.226667,93,7152.873384
3564.56,84,7153.306302
3531.117778,96,7154.235741
3566.893333,96,7155.173266
3178.493333,138,7156.310232
3436.093333,381,7159.756018
3575.96,133,7160.87169
-1103.0,115,7161.894075
3566.793333,100,7162.843011
-1098.033333,141,7164.043727
3577.026667,137,7165.218587
2760.793333,84,7165.683371
3047.793333,114,7166.725592
2385.173333,150,7167.970231
3392.56,214,7170.009777
1789.893333,936,7178.224851
2661.573333,159,7179.953197
3376.326667,133,7181.104154
-2799.4,517,7185.641021
4337.86,1000,7194.683816
2520.971111,137,7195.850749
-1492.733333,161,7197.138251
3162.044444,114,7198.184426
-1681.666667,208,7199.737306
3583.893333,156,7201.446697
3564.293333,84,7201.902511
1971.4,508,7206.38649
2104.706667,682,7212.671689
3565.46,94,7213.17634
3574.493333,120,7214.355188
3440.151111,83,7215.217956
3569.86,119,7216.268075
3567.26,98,7217.215543
3365.126667,85,7217.724181
3565.06,86,7218.665224
3564.226667,85,7219.537929
3564.793333,89,7219.998659
3194.493333,205,7221.897583
2962.793333,84,7222.758324
3364.426667,84,7223.192124
3378.366667,84,7224.052976
3404.473333,87,7224.511788
3364.926667,85,7225.383528
1534.737778,286,7227.724035
3564.56,86,7228.659571
3061.204444,109,7229.690777
3566.893333,95,7230.655199
2915.084444,84,7231.10699
3017.926667,276,7233.477683
2639.06,471,7237.752227
3151.24,111,7238.77752
3466.46,149,7240.023156
3168.96,111,7241.064372
2084.393333,660,7246.799043
2632.36,379,7250.324617
3313.093333,131,7251.466563
3373.66,128,7252.583577
3080.993333,653,7258.283342
3265.451111,93,7259.208903
2718.34,84,7260.107464
3195.793333,85,7260.563282
3529.117778,85,7261.450909
3529.117778,88,7262.358447
3352.273333,90,7262.842154
3391.2,153,7264.535626
3577.56,144,7265.752373
-1308.2,104,7266.744747
3122.333333,141,7267.928555
3135.551111,219,7269.531271
2812.96,283,7272.346746
3162.726667,84,7272.795545
3573.86,115,7273.847766
3175.026667,140,7275.051513
2617.84,99,7276.01597
3366.026667,90,7276.931488
3564.326667,83,7277.421178
2812.86,298,7280.463082
2206.417778,538,7285.093668
2969.526667,1000,7293.881018
2855.337778,96,7294.374659
2869.2,96,7295.308178
3564.993333,87,7296.182841
2649.384444,95,7297.110361
2784.46,1000,7305.344088
3549.404444,106,7306.356419
-1111.073333,1000,7315.334384
4716.293333,1000,7324.168779
2583.393333,1000,7333.042065
432.451111,1000,7341.660007
3948.073333,1000,7350.460479
2970.66,992,7359.23805
2767.36,104,7360.228402
1731.726667,1000,7369.399034
1574.56,1000,7377.811518
2544.426667,1000,7386.651884
2826.093333,315,7389.631918
3047.071111,123,7390.729982
3169.893333,114,7391.788153
-4108.533333,1000,7400.384173
3095.74,110,7401.423398
1832.16,1000,7410.690138
4668.326667,1000,7419.687087
4667.126667,1000,7428.782771
3126.06,1000,7437.638098
4314.56,1000,7446.045622
-2105.033333,142,7447.255591
2974.971111,146,7448.903188
3582.093333,204,7450.42216
-1095.466667,164,7451.746585
3015.326667,288,7454.583004
3380.026667,147,7455.804737
2853.3,124,7456.903834
2496.0,196,7458.592314
2971.66,114,7459.631507
2733.504444,300,7462.555717
3170.826667,116,7463.60688
3377.444444,168,7464.931339
3432.144444,164,7466.243829
3577.893333,130,7467.386774
3565.56,93,7468.311303
2747.573333,323,7470.90138
1855.293333,413,7474.856805
3212.993333,254,7477.081856
1938.393333,374,7479.95717
1724.517778,115,7481.00836
3566.926667,100,7482.021651
3027.184444,194,7483.92257
2577.06,102,7484.474096
3564.56,85,7485.350753
3564.626667,84,7486.239376
3565.193333,88,7486.722085
3173.493333,178,7488.746674
-1714.466667,86,7489.645271
1899.34,219,7491.249982
3373.693333,118,7492.318126
3563.86,83,7493.190827
3177.4,85,7494.090389
3565.526667,88,7494.558162
3366.46,103,7495.53755
2712.604444,242,7497.698741
3565.126667,90,7498.650198
3570.393333,105,7499.218679
3174.626667,135,7500.37359
2845.46,376,7503.6997
-1109.866667,88,7504.599294
3387.837778,92,7505.529807
3565.526667,94,7506.470291
3163.593333,85,7506.926073
3016.473333,84,7507.807745
3004.84,99,7508.781114
2689.973333,83,7509.221936
3343.071111,86,7510.116545
3552.637778,121,7511.207666
3544.973333,109,7512.22694
3364.426667,85,7512.686675
3162.693333,83,7513.574301
3567.726667,94,7514.5098
3369.16,108,7515.519101
3091.706667,83,7515.966905
3386.971111,88,7516.869492
3364.226667,86,7517.86786
3363.626667,81,7518.406383
2967.326667,104,7519.414689
3163.26,91,7520.336226
3098.86,85,7520.799984
3174.56,123,7521.891106
3566.36,98,7522.856487
3567.393333,111,7523.902691
2718.071111,174,7525.278013
-1712.666667,92,7526.19955
2761.426667,86,7527.100142
2831.793333,364,7530.379377
-2837.733333,388,7533.772345
3137.293333,233,7535.924552
3173.993333,130,7537.070489
1404.86,524,7541.659251
-1692.466667,187,7543.099371
3567.56,120,7544.202423
-1274.433333,227,7546.281865
4362.211111,1000,7555.340646
4521.793333,1000,7563.811004
2369.366667,1000,7572.679219
4654.326667,1000,7581.74199
4648.193333,1000,7590.637619
3362.26,1000,7599.542812
3997.451111,1000,7608.326507
4312.126667,1000,7617.145296
3275.973333,1000,7625.983635
3667.293333,590,7631.342309
3001.26,217,7632.934054
3070.593333,465,7637.165742
2901.226667,660,7643.068959
3120.56,640,7648.674111
3019.96,314,7651.658978
3402.973333,78,7652.082846
2775.426667,137,7653.254711
2969.704444,141,7654.449518
3385.3,114,7655.506766
2193.726667,192,7657.407611
3566.693333,96,7658.362073
2812.293333,304,7660.851901
4114.96,1000,7669.884764
3583.393333,183,7671.312049
3163.46,86,7672.213671
2729.284444,233,7674.318012
3176.426667,149,7675.574688
3538.24,88,7676.478275
3565.426667,93,7676.97993
3256.404444,96,7677.924371
3567.426667,102,7678.917715
3569.793333,122,7680.00166
3413.64,121,7681.08872
2987.666667,133,7682.242636
3218.337778,108,7683.262908
3567.86,102,7683.88349
3164.026667,92,7684.824971
3566.06,91,7685.765457
3441.851111,95,7686.719944
-1108.2,93,7687.222562
3144.34,93,7688.166041
3017.64,99,7689.136444
2424.54,128,7690.256451
3057.393333,106,7691.267784
3542.473333,101,7691.808302
3376.393333,132,7692.955235
-1272.333333,297,7695.926328
3576.226667,137,7697.065669
2476.237778,109,7698.200559
2908.571111,124,7699.272693
2106.96,619,7704.160739
2488.36,609,7709.464562
3375.46,163,7711.218872
3363.393333,89,7711.693604
3366.226667,108,7712.69692
-1310.8,90,7713.618457
-2240.6,391,7717.033328
2648.326667,123,7718.129398
3241.651111,100,7719.103825
3568.793333,100,7719.638364
2539.293333,88,7720.539992
3565.393333,92,7721.471463
3572.46,132,7722.646323
1354.86,1000,7731.671196
2821.877778,95,7732.183827
3569.86,108,7733.198114
3566.96,104,7734.208415
3038.126667,1000,7743.073748
3449.56,420,7746.655174
2434.111111,153,7747.942698
3164.36,94,7748.917129
3369.593333,118,7749.981287
3565.626667,91,7750.940682
3567.293333,99,7751.483269
3365.593333,87,7752.383859
2611.804444,94,7753.327302
3565.26,90,7754.259809
-1310.666667,92,7754.761469
3568.093333,102,7755.746835
3565.626667,93,7756.692308
3318.017778,90,7757.194963
3565.593333,95,7758.301007
3365.993333,96,7759.260441
3566.826667,102,7760.241819
3569.26,104,7761.238211
-1310.833333,93,7761.755807
3565.726667,90,7762.676311
3571.36,121,7763.76141
3565.726667,92,7764.692919
3570.293333,112,7765.732141
2264.793333,87,7766.216844
-1514.766667,98,7767.185257
3221.06,333,7770.281977
3569.226667,121,7771.376055
3519.584444,212,7772.961848
3368.593333,116,7774.023974
3147.54,113,7775.076196
3567.46,106,7776.082471
2586.06,1000,7784.989659
3262.36,118,7786.074788
3369.96,131,7787.239681
3008.626667,369,7790.316419
3247.084444,184,7792.173454
3248.026667,677,7797.971953
3430.426667,1000,7806.835261
4648.86,1000,7815.624869
4463.06,1000,7824.429711
4653.784444,1000,7832.900066
4199.04,1000,7841.693732
3136.204444,127,7842.819476
2444.66,285,7845.193165
3476.804444,95,7846.122644
2681.406667,87,7846.999302
3367.76,113,7848.174161
3567.026667,97,7849.261257
3565.926667,90,7849.744997
3368.626667,96,7850.737344
2846.766667,92,7851.669858
3368.86,98,7852.200399
3566.46,92,7853.126956
3573.326667,121,7854.218039
3521.804444,93,7855.14852
2966.06,98,7856.115932
3564.493333,83,7856.564765
3248.6,95,7857.499233
3444.384444,102,7858.483603
3170.793333,112,7859.534792
3367.26,98,7860.067368
3567.693333,103,7861.050815
3566.126667,97,7862.011206
-1891.133333,1000,7870.934394
3336.193333,1000,7879.681631
3754.26,1000,7888.033563
2906.36,773,7894.863341
2796.806667,332,7897.878124
-1503.2,122,7898.930277
3568.526667,99,7899.88088
3042.693333,92,7900.790488
3215.16,267,7903.033422
2804.326667,217,7904.623285
3166.293333,98,7905.558906
3481.204444,132,7906.661924
779.06,603,7912.239013
2975.706667,183,7913.657223
-1309.933333,102,7914.647603
2287.306667,365,7917.9298
2439.06,391,7921.363623
2913.4,323,7924.041462
3371.926667,116,7925.125565
1816.737778,311,7928.12355
2618.726667,991,7936.959927
2644.56,105,7937.602211
2277.104444,304,7940.715914
2538.217778,101,7941.671437
3105.737778,103,7942.200018
3567.593333,96,7943.126551
2684.571111,95,7944.046066
3575.326667,172,7945.361578
3566.026667,101,7946.309085
3154.64,102,7947.261594
3568.026667,97,7948.193103
3568.76,107,7948.742634
3167.693333,104,7949.71304
3165.893333,105,7950.685972
3007.173333,107,7951.674357
2617.64,95,7952.593871
2633.277778,95,7953.129441
3569.226667,105,7954.130764
3569.426667,107,7955.137074
3131.604444,108,7956.156349
3570.393333,108,7957.168641
-1708.066667,117,7958.24676
2602.34,91,7958.746423
3563.693333,80,7959.615102
3645.804444,1000,7968.736718
-3185.7,1000,7977.583068
4583.406667,1000,7986.165008
3000.104444,1000,7994.711282
-424.566667,1000,8003.690459
4689.993333,1000,8012.531824
4365.771111,1000,8021.41707
4466.073333,1000,8029.700542
-1368.926667,1000,8038.535922
4017.16,1000,8047.443111
4677.193333,1000,8056.332347
4547.56,1000,8065.343256
3486.106667,98,8065.867854
3138.406667,91,8066.798401
3480.76,986,8075.730676
3164.593333,95,8076.659708
3365.86,89,8077.11556
3284.304444,100,8078.050058
3368.304444,82,8078.907802
2893.651111,96,8079.401634
3170.426667,110,8080.390976
2541.06,87,8081.279601
2561.471111,107,8082.258086
3338.011111,98,8083.233009
3164.393333,95,8083.725665
3407.94,100,8084.676159
2769.293333,89,8085.568777
2765.793333,101,8086.523268
2967.126667,104,8087.060857
3366.16,92,8088.162884
3166.426667,97,8089.150272
3168.06,110,8090.173512
-1314.966667,102,8091.157878
3541.806667,100,8091.706413
3165.693333,107,8092.707735
3365.66,97,8093.651213
3398.326667,1000,8102.499275
2438.471111,1000,8111.098423
3137.173333,88,8111.558221
3565.326667,88,8112.468078
2966.626667,119,8113.563151
3014.993333,295,8116.056698
3377.826667,141,8117.281432
-1309.433333,99,8118.408411
3567.593333,96,8119.386796
2713.537778,104,8120.376151
3198.793333,101,8120.921727
3250.566667,105,8121.930024
2964.326667,92,8122.870482
3567.993333,134,8124.024397
3568.76,100,8125.005774
3566.76,99,8125.974185
2955.173333,98,8126.509753
3016.306667,88,8127.431289
-1310.333333,108,8128.448569
3425.46,323,8131.058593
2828.477778,102,8132.062908
3567.026667,95,8133.112103
3165.093333,95,8134.144344
3566.96,91,8134.610135
2963.793333,84,8135.468804
3568.526667,105,8136.443232
-1709.133333,116,8137.491296
3568.16,103,8138.443706
3132.417778,104,8138.974467
2348.771111,83,8139.825316
3567.293333,97,8140.752832
3569.46,99,8141.265126
3407.506667,101,8142.211663
3366.06,104,8143.174955
3315.733333,104,8144.138407
2816.237778,121,8145.198607
2794.826667,304,8147.797011
3567.96,100,8148.863161
2960.793333,83,8149.753779
3285.737778,100,8150.295332
3219.437778,120,8151.372453
3274.637778,90,8152.294986
3567.744444,166,8153.615491
3567.126667,98,8154.569941
2529.017778,123,8155.657997
3164.26,97,8156.609499
3567.593333,104,8157.615763
2444.337778,129,8158.746775
3569.793333,112,8159.774991
3165.826667,108,8160.356437
3566.16,94,8161.294927
2045.66,438,8165.400985
3367.626667,101,8165.944498
3374.526667,135,8167.116399
2676.337778,105,8168.133681
3164.46,91,8169.047203
3299.793333,87,8169.952783
3171.16,131,8171.08376
2964.226667,98,8171.611383
2949.06,126,8172.73438
-1308.5,117,8173.792552
3570.26,118,8174.862657
3170.46,128,8175.987649
3165.226667,98,8176.951108
2818.171111,128,8178.369282
3602.426667,494,8182.707725
-1649.633333,766,8189.207266
3671.993333,1000,8198.005857
-0.166667,1000,8206.571386
4465.726667,1000,8215.558327
-1347.406667,1000,8224.369771
4480.826667,1000,8233.180252
4697.46,1000,8242.198111
4231.217778,1000,8251.00402
1255.54,1000,8259.467396
-27.633333,1000,8268.509224
4645.46,1000,8277.388487
4564.873333,1000,8286.277723
-5473.9,1000,8295.199869
2981.477778,1000,8303.871689
4643.993333,1000,8312.816776
4644.126667,1000,8321.778649
4430.406667,1000,8330.937276
4554.771111,1000,8339.818498
4643.926667,1000,8348.279878
4519.917778,1000,8357.14119
4425.504444,1000,8366.164105
-23.766667,1000,8375.007472
4668.46,1000,8383.853778
-1193.233333,1000,8392.884217
2860.226667,1000,8401.293736
-2211.966667,1000,8410.104216
4182.904444,1000,8419.266688
3904.226667,1000,8428.121986
3203.26,234,8430.259274
3375.726667,144,8431.464052
3164.06,94,8431.980705
2333.773333,291,8434.862996
-1291.166667,177,8436.242279
2827.573333,130,8437.382231
3019.473333,102,8438.359619
2693.437778,134,8439.512536
3043.726667,100,8440.489966
3169.326667,117,8441.555075
3171.76,126,8442.681065
3573.56,133,8443.830992
3568.993333,108,8444.853259
3166.326667,111,8445.460635
3285.404444,107,8446.478913
-1505.1,127,8447.659756
3052.711111,372,8451.068645
2795.06,107,8452.075985
3509.371111,142,8453.27674
3525.76,1000,8462.153045
3465.766667,1000,8471.046237
-4581.466667,740,8477.229553
-4937.866667,1000,8486.247899
1947.56,702,8492.715852
3375.726667,137,8493.892708
3565.46,90,8494.812283
3560.544444,103,8495.374745
3578.426667,163,8497.125065
-1305.4,109,8497.741419
3367.16,102,8498.723794
3565.56,88,8499.633361
3566.66,93,8500.567863
3428.577778,115,8501.630051
3497.484444,107,8502.230418
2337.904444,103,8503.241749
3367.96,104,8504.234061
3566.16,91,8505.160585
3365.66,98,8506.117028
3145.184444,123,8506.783247
3569.36,103,8507.873333
3567.493333,98,8508.911557
3106.273333,147,8510.128304
3196.393333,93,8511.056822
-1307.9,100,8512.029223
3566.393333,98,8512.553821
2188.551111,369,8515.86098
3334.566667,166,8517.610304
2836.96,425,8521.184747
2218.237778,1000,8530.071036
3675.371111,770,8536.81197
3572.493333,138,8538.131444
3371.26,126,8539.299357
3174.66,192,8540.753434
3580.693333,192,8542.647407
3331.226667,324,8545.266371
3413.24,123,8546.353464
2898.54,187,8548.219476
3573.826667,168,8549.555938
1492.726667,871,8557.245347
-2338.566667,1000,8566.13159
3030.326667,366,8569.58037
2200.86,268,8571.883844
3575.093333,129,8573.008837
2409.773333,367,8576.270157
3164.326667,96,8576.792722
3216.96,265,8579.04869
2983.484444,113,8580.089936
3366.893333,99,8581.04635
3379.993333,154,8582.310011
3576.593333,149,8583.540683
3367.86,111,8584.58888
3381.933333,113,8585.617131
3567.593333,109,8586.626472
-2153.833333,698,8592.55259
2989.271111,107,8593.554937
3195.426667,90,8594.48446
3565.66,97,8595.434921
3471.104444,1000,8604.418868
2321.993333,1000,8612.785501
-3774.266667,1000,8621.584016
3859.771111,1000,8630.532059
2624.126667,1000,8639.331571
4130.44,1000,8648.120041
4717.526667,1000,8656.52956
3163.171111,1000,8665.506561
4644.526667,1000,8674.290081
4647.726667,1000,8683.139423
3475.326667,1000,8692.195984
4635.917778,1000,8700.993466
-310.615556,1000,8709.37238
2786.504444,904,8717.263426
3392.293333,274,8720.169658
2866.184444,402,8723.609499
3391.16,265,8725.898342
3224.866667,752,8732.517647
3527.104444,164,8733.823157
2865.993333,663,8739.551844
3111.706667,776,8746.313766
3170.26,133,8747.499597
-1306.566667,122,8748.678446
3636.26,429,8752.306765
2175.137778,246,8754.475943
3299.284444,137,8755.63887
3590.726667,211,8757.637536
4298.638889,1000,12831.079957
